structure_rank,hugo_name,uniprot_id,uniprot_isoform,structure_id,deposition_date,experimental_method,resolution,r_free,PDBREDOdb,PDBREDOdb_rfree,complex_protein,complex_protein_details,complex_nucleotide,complex_nucleotide_details,complex_ligand,complex_ligand_details,chains,coverage,mutations_in_pdb,b_factor,warnings
0,,Q07812,1,AF-Q07812-F1-model_v4,2022-06-01,PREDICTED,NA,NA,NO,NA,NA,NA,NA,NA,NA,NA,A,"{'A': '[(12, 38);(49, 191)]'}",NA,"{'A': [41.23, 44.06, 42.9, 43.56, 40.91, 33.99, 38.08, 42.7, 47.98, 50.31, 62.1, 80.36, 83.71, 91.82, 95.05, 95.88, 95.04, 93.56, 96.49, 96.82, 94.42, 95.08, 96.36, 94.95, 93.96, 95.2, 95.0, 91.97, 90.17, 90.66, 89.93, 87.57, 88.34, 87.66, 84.47, 82.9, 81.29, 74.72, 59.35, 57.24, 49.96, 51.92, 54.13, 54.56, 60.89, 60.54, 65.78, 69.02, 70.07, 78.5, 78.24, 84.12, 88.57, 89.89, 89.55, 92.7, 93.01, 94.7, 95.9, 94.85, 94.29, 94.86, 95.29, 94.31, 94.02, 94.67, 95.06, 94.23, 94.44, 95.95, 94.48, 93.9, 95.01, 94.33, 94.79, 95.58, 95.1, 94.81, 93.79, 93.02, 90.25, 89.56, 87.78, 77.69, 70.92, 76.94, 83.8, 86.25, 90.35, 90.5, 92.36, 94.81, 94.32, 93.22, 94.95, 95.49, 93.74, 94.69, 95.28, 95.53, 93.41, 92.48, 90.62, 91.97, 95.03, 95.23, 96.09, 96.01, 96.48, 97.16, 96.68, 96.92, 97.54, 97.19, 96.84, 96.15, 95.65, 94.28, 93.16, 92.49, 91.19, 88.75, 87.22, 85.56, 83.36, 82.13, 80.09, 77.52, 76.81, 74.03, 80.31, 84.72, 86.36, 87.18, 92.22, 93.46, 93.51, 95.35, 96.26, 97.45, 97.4, 97.24, 97.07, 97.58, 97.62, 96.4, 95.77, 97.12, 97.37, 96.87, 97.52, 97.7, 96.98, 96.49, 96.0, 95.12, 95.79, 96.76, 94.43, 93.91, 94.94, 94.57, 92.77, 92.05, 92.38, 87.48, 88.05, 84.92, 88.74, 90.04, 89.17, 90.34, 90.55, 92.33, 92.25, 92.16, 94.15, 95.12, 95.24, 94.77, 95.69, 95.84, 95.07, 94.26, 93.42, 92.29, 91.13, 89.52, 86.91, 85.47, 77.94, 67.28]}",NA
1,,Q07812,1,4ZIE,2015-04-28,X-RAY DIFFRACTION,1.797,0.2288,YES,0.2201,protein complex,"['BAX_HUMAN, Q07812, chain_A;B2L11_HUMAN, O43521, chain_C']",NA,NA,Other ligands,"['1,2-ETHANEDIOL, chain A']",A,"{'A': '[(47, 166)]'}","{'A': ['C62S', 'C126S']}","{'A': array([68.12, 66.76, 51.46, 42.31, 34.98, 30.63, 36.09, 38.11, 39.36,
       24.24, 33.82, 36.47, 23.89, 28.24, 33.15, 34.77, 34.06, 35.76,
       36.79, 37.04, 26.36, 28.67, 24.02, 22.82, 27.84, 30.09, 33.83,
       35.89, 41.13, 31.57, 40.39, 40.6 , 39.82, 35.84, 48.81, 46.31,
       54.81, 78.39, 73.46, 65.77, 46.28, 30.43, 28.35, 30.34, 25.12,
       22.12, 20.49, 29.13, 28.21, 22.18, 27.41, 35.08, 34.75, 32.16,
       37.41, 39.62, 44.97, 41.03, 24.3 , 26.09, 17.5 , 20.74, 20.9 ,
       22.8 , 20.37, 23.2 , 20.08, 20.08, 28.13, 23.07, 20.36, 23.62,
       30.34, 26.84, 37.41, 38.74, 37.46, 43.72, 60.16, 63.08, 72.85,
       58.83, 53.18, 59.3 , 47.96, 40.64, 34.02, 35.02, 31.42, 23.12,
       21.26, 23.28, 19.67, 17.81, 17.58, 22.01, 24.92, 21.84, 17.73,
       22.67, 24.77, 21.53, 18.58, 26.06, 20.98, 16.02, 19.34, 23.43,
       22.48, 17.37, 18.02, 18.38, 19.42, 23.49, 23.38, 36.59, 42.42,
       42.68, 51.27, 61.61])}",NA
2,,Q07812,1,5W60,2017-06-16,X-RAY DIFFRACTION,1.803,0.2385,YES,0.2546,NA,NA,NA,NA,Other ligands,"['SULFATE ION, chain A']",A,"{'A': '[(11, 189)]'}","{'A': ['C62S', 'C126S', 'P168G']}","{'A': array([ 95.4 , 106.64,  79.88,  53.34,  28.8 ,  25.67,  14.35,  20.81,
        14.82,  16.74,  23.54,  21.54,  18.92,  11.99,  24.23,  21.59,
        18.66,  25.69,  37.18,  31.5 ,  24.79,  42.29,  57.83,  57.13,
        54.89,  58.16,  91.09, 125.25, 128.09, 116.7 ,  84.81,  61.57,
        59.67,  53.42,  39.21,  31.99,  23.91,  22.99,  33.62,  44.61,
        29.23,  24.8 ,  29.75,  32.14,  39.91,  21.47,  30.04,  29.54,
        25.83,  18.13,  23.39,  25.46,  23.04,  20.65,  19.72,  15.59,
        15.49,  15.04,  12.12,  13.1 ,  12.11,  16.47,  10.68,  12.44,
        12.16,   9.42,  10.71,  17.76,  12.64,  11.68,  19.14,  23.74,
        24.62,  57.07,  68.8 ,  78.16,  67.82,  26.58,  23.17,  24.  ,
        22.22,  14.19,  17.87,  16.23,  12.49,  13.92,  14.31,  12.54,
        12.51,  13.7 ,  19.35,  20.18,  19.15,  18.98,  14.57,  18.69,
        13.06,  12.17,  16.63,  15.19,  13.58,  12.73,  11.84,  13.77,
        12.69,  11.02,  14.68,  16.5 ,  16.75,  16.18,  20.26,  33.44,
        34.44,  75.89,  93.25,  75.41,  98.4 ,  56.79,  44.61,  40.19,
        41.78,  32.66,  28.29,  19.52,  17.37,  14.8 ,  20.85,  16.6 ,
        15.31,   9.65,  13.51,  14.72,  12.19,  13.09,  15.24,  18.27,
        16.75,  15.01,  18.23,  24.18,  17.05,  22.03,  27.44,  28.03,
        32.31,  31.19,  21.95,  26.3 ,  49.03,  29.43,  18.75,  26.6 ,
        25.85,  16.55,  36.28,  48.77,  55.75,  34.79,  22.1 ,  27.89,
        21.89,  20.23,  17.39,  15.55,  11.21,  14.05,  13.  ,  14.53,
        15.69,  20.79,  13.63,   9.61,  23.17,  13.79,  17.29,  23.12,
        45.74,  58.89,  71.36])}",NA
3,,Q07812,1,4S0O,2015-01-02,X-RAY DIFFRACTION,1.9,0.265,YES,0.2395,NA,NA,NA,NA,NA,NA,A;B,"{'A': '[(41, 192)]', 'B': '[(41, 192)]'}","{'A': ['P168G'], 'B': ['P168G']}","{'A': array([70.42, 66.23, 62.89, 59.43, 52.61, 50.12, 50.58, 51.64, 53.22,
       56.81, 60.88, 61.32, 60.74, 59.49, 56.58, 49.81, 50.92, 51.75,
       47.01, 45.53, 49.4 , 47.67, 42.27, 44.45, 46.82, 43.3 , 39.06,
       41.51, 40.65, 35.4 , 40.31, 44.76, 38.48, 37.42, 33.44, 31.55,
       32.72, 33.13, 31.08, 31.15, 31.44, 35.01, 40.58, 49.58, 60.98,
       64.14, 57.96, 50.44, 44.7 , 38.89, 34.71, 35.65, 32.73, 29.71,
       31.23, 32.63, 31.49, 29.91, 31.44, 31.2 , 35.05, 40.32, 43.12,
       43.22, 37.35, 35.82, 34.22, 33.31, 32.91, 32.4 , 33.61, 32.06,
       34.63, 34.53, 32.18, 30.  , 33.11, 37.46, 36.05, 38.04, 44.97,
       48.04, 49.69, 53.42, 57.15, 60.77, 66.88, 69.7 , 68.11, 67.05,
       66.28, 59.28, 51.15, 47.27, 44.55, 37.96, 36.82, 37.66, 35.87,
       31.19, 34.53, 39.8 , 38.21, 36.63, 41.67, 44.2 , 40.31, 39.68,
       42.24, 44.96, 40.76, 38.11, 46.88, 51.61, 48.98, 52.71, 48.21,
       43.38, 49.36, 46.53, 45.68, 52.01, 54.31, 51.04, 56.82, 65.38,
       69.93, 70.06, 64.76, 58.98, 58.  , 52.41, 47.9 , 43.93, 36.18,
       34.8 , 34.24, 32.57, 33.78, 33.91, 32.24, 31.88, 31.15, 30.07,
       28.78, 36.09, 40.46, 38.57, 42.93, 48.92, 52.54, 55.81]), 'B': array([68.87, 65.65, 62.53, 58.78, 51.89, 49.07, 49.76, 50.42, 52.51,
       55.33, 58.98, 60.1 , 59.7 , 58.92, 56.73, 50.32, 51.5 , 52.09,
       45.91, 44.82, 48.61, 48.44, 43.24, 44.39, 45.  , 41.32, 36.92,
       41.95, 42.64, 36.96, 40.62, 43.67, 37.76, 37.87, 34.89, 33.58,
       33.63, 34.97, 32.85, 32.58, 30.51, 34.04, 40.05, 50.34, 60.51,
       63.62, 56.07, 47.91, 43.3 , 37.88, 33.32, 35.01, 32.08, 29.81,
       29.07, 32.14, 31.59, 30.21, 31.71, 31.59, 36.18, 40.31, 41.73,
       42.82, 35.98, 34.03, 34.39, 31.99, 31.92, 33.11, 33.47, 31.55,
       32.95, 32.34, 29.94, 29.73, 33.53, 36.31, 35.43, 37.57, 43.34,
       46.14, 48.6 , 53.04, 56.3 , 60.47, 67.  , 69.17, 67.58, 66.2 ,
       64.82, 57.35, 50.32, 46.82, 44.31, 37.13, 36.81, 36.85, 36.43,
       31.98, 35.27, 38.59, 36.79, 36.71, 41.82, 45.22, 39.37, 38.37,
       41.9 , 44.75, 41.38, 38.47, 48.21, 53.59, 50.04, 52.69, 49.09,
       43.3 , 49.51, 46.54, 46.33, 53.11, 56.3 , 52.82, 57.92, 66.05,
       70.66, 71.11, 66.57, 60.  , 57.49, 52.31, 48.66, 44.89, 36.36,
       34.7 , 34.52, 33.02, 34.01, 34.59, 31.2 , 30.73, 31.71, 30.67,
       29.77, 36.9 , 39.36, 37.07, 42.49, 47.96, 52.  , 56.95])}",NA
4,,Q07812,1,5W5Z,2017-06-16,X-RAY DIFFRACTION,1.997,0.2677,YES,0.2632,NA,NA,NA,NA,Other ligands,"1,2-ETHANEDIOL, chain L;TETRAETHYLENE GLYCOL, chain L;TRIETHYLENE GLYCOL, chain H;2-(N-MORPHOLINO)-ETHANESULFONIC ACID, chain H",A,"{'A': '[(143, 184)]'}",{'A': ['P168G']},"{'A': array([ 81.37,  65.54, 107.46,  91.39,  69.47,  63.61,  72.44,  56.73,
        55.92,  65.11,  93.82,  98.26,  91.89, 131.74,  87.86,  91.89,
       133.99,  88.24,  66.49, 113.32,  92.25,  81.55,  83.94, 117.39,
       119.58,  77.21,  87.11,  88.26,  85.49,  80.96,  59.17,  51.61,
        61.38,  53.17,  48.82,  62.42,  65.25,  60.96,  73.37,  86.99,
        79.37,  93.34])}",NA
5,,Q07812,1,6EB6,2018-08-05,X-RAY DIFFRACTION,2.023,0.2013,YES,0.1979,NA,NA,NA,NA,Other ligands,"['FORMIC ACID, chain A']",A,"{'A': '[(13, 191)]'}",{'A': ['W139A']},"{'A': array([87.39, 69.03, 45.31, 39.81, 33.53, 36.52, 28.48, 29.15, 27.82,
       27.3 , 24.47, 24.98, 25.18, 26.89, 26.89, 28.79, 28.64, 31.65,
       30.63, 28.88, 32.44, 31.71, 35.81, 35.3 , 42.28, 37.15, 35.78,
       71.26, 80.87, 66.52, 68.81, 71.38, 96.51, 77.61, 56.53, 49.31,
       42.65, 39.29, 42.9 , 33.46, 44.2 , 56.28, 56.3 , 36.35, 41.01,
       43.38, 32.57, 32.4 , 40.53, 41.9 , 38.57, 35.67, 40.43, 35.36,
       37.34, 39.39, 47.52, 36.57, 45.11, 43.98, 36.04, 45.65, 36.96,
       35.15, 38.19, 44.55, 41.46, 31.93, 35.92, 55.83, 50.36, 75.34,
       71.17, 82.54, 57.55, 45.46, 47.  , 39.7 , 37.3 , 30.09, 31.54,
       46.06, 30.89, 33.64, 33.55, 41.76, 39.05, 43.87, 52.09, 78.36,
       66.73, 80.83, 52.65, 34.35, 28.56, 28.19, 33.26, 24.26, 31.65,
       31.41, 24.31, 22.24, 28.3 , 30.09, 28.77, 27.04, 34.79, 32.3 ,
       35.56, 33.06, 42.88, 42.17, 35.9 , 47.42, 48.3 , 60.26, 45.54,
       68.77, 71.66, 56.3 , 46.63, 41.86, 47.87, 30.65, 27.74, 32.13,
       37.04, 28.97, 31.65, 37.05, 36.1 , 30.74, 30.98, 43.47, 37.62,
       30.99, 29.36, 31.96, 29.36, 28.01, 28.22, 33.98, 37.1 , 34.59,
       27.99, 37.31, 51.14, 46.42, 39.54, 55.68, 70.37, 52.59, 62.42,
       74.81, 83.16, 89.4 , 67.68, 56.22, 58.1 , 47.65, 41.91, 36.4 ,
       34.32, 30.44, 28.17, 33.59, 29.77, 29.94, 33.43, 35.6 , 36.  ,
       37.63, 33.13, 53.77, 73.27, 71.16, 72.55, 99.44, 97.62])}",NA
6,,Q07812,1,8SRX,2023-05-07,X-RAY DIFFRACTION,2.09,0.2647,YES,0.2635,protein complex,"['BAK_HUMAN, Q16611, chain_A;BAX_HUMAN, Q07812, chain_B']",NA,NA,Other ligands,"[(2~{R})-2-oxidanyl-3-[oxidanyl-[2-(trimethyl-$l^{4}-azanyl)ethoxy]phosphoryl]oxy-propyl] hexadecanoate, chain A,B,D;ZINC ION, chain A;SODIUM ION, chain A,B;DI(HYDROXYETHYL)ETHER, chain B,D;1,2-ETHANEDIOL, chain D;CHLORIDE ION, chain D",B;D,"{'B': '[(63, 125)]', 'D': '[(63, 125)]'}",NA,"{'B': array([24.3 , 25.34, 25.43, 24.13, 26.01, 30.53, 25.52, 27.89, 29.37,
       29.16, 27.21, 26.36, 27.25, 28.89, 27.62, 32.04, 33.8 , 36.95,
       39.76, 42.98, 62.25, 76.53, 87.3 , 87.7 , 54.5 , 32.59, 34.73,
       38.05, 32.06, 27.62, 22.33, 34.31, 28.31, 30.02, 29.73, 33.45,
       38.22, 30.3 , 38.05, 36.1 , 33.18, 39.92, 34.24, 25.9 , 19.95,
       21.29, 22.28, 19.21, 16.91, 19.42, 22.01, 16.34, 23.13, 22.43,
       22.68, 19.8 , 20.2 , 27.57, 27.05, 32.56, 34.2 , 36.07, 36.71]), 'D': array([27.6 , 27.28, 23.08, 23.41, 20.42, 23.71, 23.01, 20.14, 27.25,
       24.37, 23.14, 27.69, 29.1 , 31.42, 27.45, 27.22, 30.69, 26.39,
       22.68, 43.02, 51.84, 65.41, 77.6 , 76.68, 49.2 , 28.47, 28.22,
       34.73, 23.19, 20.63, 25.85, 31.47, 28.06, 33.61, 41.28, 35.44,
       35.08, 35.64, 36.8 , 46.24, 46.13, 42.36, 32.79, 30.17, 33.32,
       26.03, 24.14, 29.44, 24.12, 26.64, 24.32, 19.12, 21.24, 18.69,
       19.69, 17.04, 21.97, 21.26, 22.6 , 26.89, 26.43, 33.45, 33.71])}",NA
7,,Q07812,1,8G1T,2023-02-02,X-RAY DIFFRACTION,2.092,0.2482,YES,0.264,NA,NA,NA,NA,Other ligands,"['1,2-ETHANEDIOL, chain E']",A;B;C;D;E;F;G;H,"{'A': '[(63, 124)]', 'B': '[(63, 122)]', 'C': '[(63, 123)]', 'D': '[(63, 124)]', 'E': '[(63, 123)]', 'F': '[(63, 125)]', 'G': '[(63, 124)]', 'H': '[(63, 125)]'}",NA,"{'A': array([ 35.07,  38.78,  43.48,  43.63,  36.09,  45.07,  53.37,  44.21,
        41.93,  63.54,  46.44,  48.78,  59.69,  45.82,  46.85,  51.27,
        47.5 ,  53.55,  54.7 ,  67.85,  76.47,  90.43,  83.13, 100.35,
        78.34,  46.25,  43.94,  47.99,  44.44,  38.32,  40.17,  52.52,
        47.18,  48.98,  62.12,  74.8 ,  60.86,  70.99,  89.64,  84.48,
        82.88,  79.92,  62.18,  56.2 ,  45.81,  38.79,  43.77,  33.48,
        34.67,  36.71,  34.83,  39.14,  34.03,  37.84,  30.3 ,  42.32,
        40.16,  42.71,  42.48,  51.77,  80.21, 115.22]), 'B': array([ 45.39,  51.72,  73.72,  55.  ,  62.82,  78.18,  82.54,  71.13,
        66.35,  74.77,  61.48,  65.61,  71.55,  65.21,  57.97,  65.15,
        63.37,  52.86,  59.86,  76.2 ,  91.25,  90.14, 128.63, 105.61,
        96.66,  49.52,  48.13,  55.76,  44.87,  37.94,  44.92,  48.35,
        34.15,  33.31,  43.58,  45.26,  47.95,  38.4 ,  38.67,  44.03,
        52.73,  54.03,  49.27,  41.55,  36.61,  34.31,  30.04,  30.73,
        35.9 ,  37.11,  37.76,  43.41,  40.26,  41.13,  34.4 ,  40.48,
        51.6 ,  49.8 ,  53.72,  73.15]), 'C': array([ 46.7 ,  51.57,  72.94,  58.26,  53.54,  63.53,  57.  ,  53.63,
        61.38,  74.3 ,  61.73,  67.48,  72.1 ,  49.04,  58.57,  75.55,
        69.48,  57.14,  68.47,  74.57,  82.37,  92.79, 110.06, 121.74,
        97.34,  59.21,  52.8 ,  50.59,  49.92,  45.81,  39.16,  45.77,
        36.64,  37.94,  38.7 ,  49.16,  42.42,  39.15,  40.17,  51.81,
        51.95,  57.63,  49.35,  45.15,  35.  ,  40.8 ,  40.57,  33.19,
        31.22,  36.  ,  37.7 ,  48.14,  41.55,  39.35,  38.86,  35.23,
        46.52,  43.99,  47.29,  54.07,  76.03]), 'D': array([ 50.7 ,  46.19,  60.82,  58.89,  51.54,  60.19,  61.43,  58.18,
        57.95,  59.6 ,  61.31,  69.6 ,  69.08,  60.04,  58.59,  70.28,
        76.78,  61.03,  74.86,  83.13,  88.84, 110.29,  94.24,  91.48,
       103.42,  59.15,  54.95,  65.43,  48.25,  39.76,  48.41,  45.25,
        40.9 ,  34.89,  44.73,  38.55,  34.81,  40.33,  46.77,  58.48,
        65.69,  60.56,  37.82,  35.77,  30.93,  29.89,  32.72,  27.68,
        32.58,  29.23,  31.13,  34.08,  30.01,  30.34,  37.65,  47.67,
        55.25,  59.29,  68.27,  68.43,  85.38,  88.82]), 'E': array([ 30.63,  33.74,  41.05,  50.48,  32.84,  40.88,  57.62,  45.16,
        47.04,  61.04,  52.15,  49.12,  54.29,  40.25,  47.65,  55.4 ,
        65.12,  54.42,  73.13,  80.05, 109.91, 117.82, 121.73, 109.7 ,
        82.93,  53.27,  61.14,  65.77,  57.1 ,  41.8 ,  53.69,  60.03,
        39.7 ,  39.72,  51.38,  57.92,  51.78,  36.58,  46.04,  62.42,
        48.32,  49.09,  48.99,  37.87,  35.75,  34.83,  33.15,  34.38,
        28.6 ,  31.38,  35.1 ,  41.8 ,  43.25,  43.54,  34.88,  49.35,
        67.31,  62.87,  61.97,  83.33,  99.65]), 'F': array([ 46.09,  54.86,  44.66,  44.42,  49.17,  47.84,  52.79,  43.59,
        48.94,  51.01,  49.48,  59.01,  47.92,  44.05,  43.62,  53.65,
        55.45,  50.06,  74.05,  68.47,  60.09,  82.93,  92.59, 112.26,
        81.96,  49.86,  47.97,  44.74,  34.58,  29.84,  34.51,  34.81,
        29.57,  39.96,  43.28,  48.77,  45.44,  32.17,  31.44,  44.06,
        46.05,  46.78,  41.81,  38.55,  42.9 ,  28.32,  25.5 ,  30.73,
        36.68,  22.26,  30.67,  22.3 ,  41.5 ,  25.92,  40.35,  47.28,
        44.15,  50.83,  60.25,  80.4 ,  84.31,  92.94,  98.23]), 'G': array([42.24, 46.97, 55.27, 49.8 , 45.88, 63.78, 60.76, 51.05, 52.6 ,
       71.03, 69.83, 72.56, 78.09, 63.79, 55.11, 67.65, 63.54, 58.2 ,
       59.84, 66.67, 67.64, 94.97, 87.23, 94.68, 67.11, 40.99, 39.36,
       41.83, 43.42, 35.48, 44.7 , 46.03, 45.17, 40.13, 39.11, 54.6 ,
       41.99, 51.78, 56.25, 70.56, 73.64, 56.6 , 51.62, 43.29, 34.52,
       32.43, 34.61, 32.7 , 34.49, 33.28, 27.59, 24.91, 32.34, 33.11,
       34.99, 47.42, 51.27, 47.08, 48.06, 59.8 , 77.24, 89.09]), 'H': array([ 48.56,  49.08,  62.87,  51.45,  41.25,  54.75,  76.71,  53.12,
        60.97,  70.62,  57.38,  71.88,  66.47,  58.73,  54.66,  65.79,
        56.55,  51.84,  64.27,  61.48,  63.79,  86.96, 105.04, 116.68,
        69.75,  46.86,  34.57,  39.44,  43.27,  40.12,  36.08,  46.33,
        44.82,  36.55,  58.01,  60.34,  46.83,  46.57,  60.87,  84.51,
        87.5 ,  94.55,  56.68,  61.96,  42.51,  39.98,  38.25,  41.02,
        41.65,  40.85,  37.05,  39.53,  38.93,  44.01,  34.78,  41.5 ,
        44.55,  43.98,  50.09,  53.61,  68.65,  54.41,  60.62])}",NA
8,,Q07812,1,6TRR,2019-12-19,X-RAY DIFFRACTION,2.1200735104,0.254194038733,YES,0.2688,protein complex,"['Q9DHU6_YLDV, Q9DHU6, chain_A;BAX_HUMAN, Q07812, chain_B']",NA,NA,Other ligands,"['SODIUM ION, chain A']",B,"{'B': '[(55, 75)]'}",NA,"{'B': array([ 99.10716, 113.7128 ,  89.70032,  68.54845,  60.97782,  62.98423,
        55.94049,  49.60447,  46.78562,  51.87865,  54.14772,  43.83395,
        45.66079,  50.54811,  54.27802,  48.62519,  61.30369,  78.92104,
       111.03297, 132.23784, 127.2427 ])}",NA
9,,Q07812,1,4ZII,2015-04-28,X-RAY DIFFRACTION,2.191,0.223,YES,0.2355,protein complex,"['BAX_HUMAN, Q07812, chain_A;BID_HUMAN, P55957, chain_C']",NA,NA,Other ligands,"['1,2-ETHANEDIOL, chain A']",A,"{'A': '[(44, 167)]'}","{'A': ['C62S', 'C126S']}","{'A': array([124.92, 115.06, 120.16, 113.8 , 133.98, 114.62,  94.91, 104.37,
        95.55,  86.85,  76.31,  77.02,  60.53,  60.7 ,  64.84,  57.66,
        59.34,  78.34,  57.48,  54.57,  61.3 ,  67.  ,  53.49,  50.81,
        69.43,  72.87,  67.37,  66.51,  74.61,  77.54,  88.26,  90.82,
        57.75,  62.5 ,  65.8 ,  64.66,  62.79,  74.16,  67.86,  68.88,
        63.65,  79.16,  84.11,  60.5 ,  46.34,  40.96,  36.63,  39.91,
        38.23,  33.53,  45.56,  34.81,  27.42,  38.08,  45.3 ,  44.42,
        39.03,  49.12,  50.39,  48.09,  47.36,  36.13,  34.18,  33.58,
        29.49,  33.39,  36.22,  32.62,  40.66,  33.72,  36.64,  33.08,
        38.21,  36.01,  39.35,  40.87,  41.79,  45.84,  56.92,  43.63,
        35.68,  47.39,  56.62,  62.5 ,  60.76,  50.16,  62.21,  48.57,
        44.77,  44.56,  39.13,  43.07,  43.67,  39.54,  25.9 ,  32.94,
        38.04,  35.79,  30.24,  36.1 ,  36.13,  39.87,  28.42,  26.28,
        28.98,  30.13,  28.37,  25.67,  28.83,  29.31,  29.68,  30.9 ,
        36.05,  26.07,  37.87,  40.38,  37.12,  39.2 ,  50.98,  55.38,
        59.2 ,  62.14,  93.74, 122.16])}",NA
10,,Q07812,1,8SPF,2023-05-03,X-RAY DIFFRACTION,2.2,0.3055,YES,0.2898,NA,NA,NA,NA,Other ligands,"SN-GLYCEROL-1-PHOSPHATE, chain D;1,2-ETHANEDIOL, chain A,D,E,F;N-OCTANE, chain E;DODECANE, chain E;nonane, chain F",A;B;C;D;E;F,"{'A': '[(86, 124)]', 'B': '[(86, 121)]', 'C': '[(63, 85);(88, 124)]', 'D': '[(63, 124)]', 'E': '[(63, 125)]', 'F': '[(63, 125)]'}",NA,"{'A': array([170.44, 144.37, 111.97, 105.75, 109.49, 102.34,  93.65,  94.36,
       102.32,  96.37,  81.11,  89.67,  85.13,  82.91,  83.52,  96.81,
        84.98, 107.41,  86.28,  82.59,  80.64, 100.17,  84.84,  78.65,
        82.12,  79.82,  85.85,  87.66,  84.33,  79.51,  83.25,  93.33,
       107.27, 114.39, 129.5 , 141.35, 153.02, 146.19, 149.05]), 'B': array([128.93, 156.93, 150.49, 127.17, 117.81, 123.85, 105.78, 101.6 ,
       115.4 , 124.32, 112.65, 121.35, 137.58, 126.98, 125.81, 145.66,
       154.01, 141.37, 160.87, 134.76, 142.74, 124.74, 125.15, 112.38,
       116.82, 116.61, 119.26, 119.14, 170.26, 134.53, 122.55, 127.77,
       123.28, 126.75, 133.97, 150.66]), 'C': array([ 56.78,  62.39,  65.28,  60.62,  54.52,  62.93,  73.93,  58.95,
        67.38,  69.78,  66.73,  77.48,  77.85,  73.21,  72.8 ,  75.73,
        79.61,  80.29,  91.51,  94.92, 109.07, 119.81, 139.84, 112.07,
       119.36, 118.01, 101.47,  78.34,  90.09,  77.37,  76.48,  68.91,
        86.1 ,  95.39,  81.67,  69.41,  77.98,  67.79,  59.57,  67.82,
        61.3 ,  60.93,  61.89,  56.56,  58.5 ,  58.35,  60.03,  50.61,
        59.87,  60.71,  62.25,  66.96,  68.43,  73.18,  73.7 ,  87.53,
        99.63, 105.41, 119.54, 135.87]), 'D': array([ 61.43,  58.91,  62.4 ,  52.02,  51.01,  56.29,  63.82,  54.61,
        53.63,  57.78,  61.43,  74.68,  79.45,  64.93,  67.14,  85.47,
        77.2 ,  73.24,  88.84,  92.39, 102.2 , 137.35, 150.81, 138.19,
       122.46,  97.  ,  90.96, 100.84,  84.67,  71.19,  84.44,  76.9 ,
        76.59,  68.87,  78.4 ,  83.29,  73.93,  77.53,  80.63,  65.44,
        77.92,  62.83,  63.84,  54.85,  60.48,  54.18,  56.41,  56.87,
        61.89,  57.25,  62.74,  63.71,  59.58,  64.73,  70.41,  77.57,
        71.37,  90.72, 113.79, 114.92, 129.25, 125.65]), 'E': array([ 60.78,  59.76,  68.08,  66.49,  55.46,  69.86,  81.29,  82.9 ,
        98.72, 103.41, 108.98, 118.31, 117.91, 102.97, 107.92, 121.85,
       116.01, 110.11, 124.03, 146.32, 153.56, 166.81, 205.79, 244.34,
       177.13, 127.06, 109.73,  96.16,  88.8 ,  76.14,  71.39,  81.08,
        75.7 ,  68.89,  80.49,  94.47,  87.61,  83.59, 107.66, 115.36,
       108.76,  98.72,  90.89,  91.77,  78.39,  67.65,  68.39,  68.69,
        63.17,  62.49,  63.68,  72.54,  70.91,  77.31,  68.98,  86.41,
        77.86,  83.6 ,  93.36, 111.64, 117.25, 132.41, 134.69]), 'F': array([ 66.07,  61.94,  72.65,  65.47,  64.  ,  58.37,  59.81,  57.39,
        63.34,  67.95,  54.74,  53.79,  55.3 ,  59.23,  62.32,  65.42,
        62.62,  63.99,  67.77,  70.81,  85.61,  99.96, 117.16, 126.26,
       104.65,  82.41,  73.62,  72.27,  62.03,  54.94,  57.09,  62.7 ,
        56.61,  63.43,  64.  ,  72.07,  80.95,  95.81, 112.25, 144.69,
       123.08, 117.28, 118.23,  98.28,  72.02,  70.04,  65.3 ,  52.79,
        61.41,  61.51,  51.15,  52.03,  64.07,  64.39,  64.06,  66.23,
        73.98,  81.12,  91.83, 101.69, 104.17, 111.37, 126.  ])}",NA
11,,Q07812,1,4ZIG,2015-04-28,X-RAY DIFFRACTION,2.2,0.2287,YES,0.2129,protein complex,"['BAX_HUMAN, Q07812, chain_A;BID_HUMAN, P55957, chain_B']",NA,NA,NA,NA,A,"{'A': '[(42, 166)]'}","{'A': ['C62S', 'C126S']}","{'A': array([ 96.51, 103.18, 108.59,  86.69,  67.54,  70.05,  75.14,  53.71,
        53.14,  58.29,  61.93,  62.87,  52.97,  43.15,  45.26,  47.27,
        41.4 ,  37.76,  40.74,  44.95,  45.33,  42.67,  48.34,  44.39,
        36.74,  43.6 ,  43.74,  50.25,  42.76,  45.84,  63.53,  59.74,
        65.51,  67.74,  48.45,  44.51,  43.49,  47.18,  45.35,  48.07,
        51.96,  48.05,  61.78,  68.12,  51.49,  44.5 ,  30.45,  27.39,
        34.36,  31.49,  24.34,  24.61,  32.33,  30.71,  23.71,  35.57,
        37.19,  34.58,  30.02,  42.45,  39.46,  40.79,  40.85,  34.43,
        27.  ,  28.43,  31.91,  30.72,  27.42,  30.81,  29.22,  27.58,
        29.33,  30.3 ,  31.87,  27.48,  29.48,  32.09,  31.78,  36.23,
        39.45,  37.47,  37.54,  46.39,  50.52,  51.4 ,  37.25,  38.96,
        35.21,  32.94,  27.89,  30.08,  31.07,  27.28,  30.16,  28.64,
        21.34,  21.98,  30.48,  26.41,  22.74,  22.85,  27.95,  29.48,
        32.72,  24.65,  22.87,  34.06,  21.84,  22.38,  22.99,  30.55,
        25.12,  25.65,  28.77,  31.42,  25.25,  30.92,  28.87,  31.27,
        46.3 ,  49.84,  39.61,  48.78,  57.11])}",NA
12,,Q07812,1,4BD2,2012-10-04,X-RAY DIFFRACTION,2.206,0.227,YES,0.2357,protein complex,"['BAX_HUMAN, Q07812, chain_A;BID_HUMAN, P55957, chain_C']",NA,NA,NA,NA,A,"{'A': '[(49, 167)]'}","{'A': ['C62S', 'C126S']}","{'A': array([96.49, 76.17, 83.82, 69.5 , 67.42, 62.89, 60.88, 52.59, 52.35,
       48.12, 35.31, 35.01, 50.65, 35.57, 43.08, 40.59, 52.26, 37.57,
       39.14, 57.72, 55.89, 47.1 , 46.79, 67.2 , 58.87, 62.02, 62.47,
       38.56, 36.52, 50.86, 47.3 , 42.14, 45.86, 54.5 , 50.02, 58.19,
       69.58, 81.  , 46.02, 31.99, 19.9 , 34.93, 30.28, 16.26, 21.33,
       23.96, 26.28, 25.4 , 25.48, 35.76, 28.76, 30.25, 44.45, 44.09,
       43.28, 40.42, 31.23, 27.67, 24.21, 19.26, 29.98, 25.81, 23.49,
       24.81, 28.47, 31.12, 31.21, 28.78, 24.75, 31.58, 29.06, 36.32,
       33.42, 44.68, 38.79, 40.63, 47.3 , 46.51, 56.04, 64.16, 53.15,
       64.77, 48.5 , 41.02, 28.33, 29.77, 27.03, 32.8 , 27.97, 24.69,
       20.82, 25.09, 27.76, 28.39, 21.16, 30.25, 32.07, 27.47, 22.14,
       20.3 , 27.27, 25.21, 27.31, 19.28, 28.53, 26.65, 26.41, 29.29,
       20.75, 22.87, 29.36, 30.02, 26.34, 39.24, 37.31, 40.18, 42.79,
       69.75, 84.21])}",NA
13,,Q07812,1,7ADT,2020-09-16,X-RAY DIFFRACTION,2.21003693835,0.259255962966,YES,0.2673,protein complex,"['A0A0R8HV90_ORFV, A0A0R8HV90, chain_A;BAX_HUMAN, Q07812, chain_C']",NA,NA,Other ligands,"1,2-ETHANEDIOL, chain A,B;GLYCEROL, chain A;MAGNESIUM ION, chain A,B,C,U",C;U,"{'C': '[(52, 77)]', 'U': '[(53, 75)]'}",NA,"{'C': array([136.33795, 130.67617, 125.05297, 106.58631,  88.71081,  77.35145,
        75.30705,  61.33403,  59.9384 ,  66.46895,  63.49518,  53.98685,
        52.40048,  54.27379,  49.15596,  48.51635,  53.10081,  52.17519,
        50.4633 ,  61.46116,  75.28373,  77.1786 ,  74.15205,  84.88206,
       105.39308, 126.95058]), 'U': array([83.62777, 75.86849, 64.54943, 51.96161, 54.1782 , 51.20544,
       43.30127, 43.37935, 53.26773, 46.09204, 39.99672, 34.82271,
       45.90054, 44.78499, 34.73018, 40.90221, 48.56976, 55.26207,
       70.58573, 83.84244, 90.4631 , 94.23224, 95.40907])}",NA
14,,Q07812,1,4BD8,2012-10-05,X-RAY DIFFRACTION,2.22,0.2555,YES,0.2458,NA,NA,NA,NA,Other ligands,"PRASEODYMIUM ION, chain A,B;1,2-ETHANEDIOL, chain A,B,D",A;B;C;D,"{'A': '[(63, 170)]', 'B': '[(43, 170)]', 'C': '[(88, 170)]', 'D': '[(88, 170)]'}","{'A': ['C126S'], 'B': ['C62S', 'C126S'], 'C': ['C126S'], 'D': ['C126S']}","{'A': array([ 47.14,  44.96,  44.57,  49.49,  42.41,  43.8 ,  56.43,  50.3 ,
        56.73,  59.2 ,  59.24,  62.31,  69.73,  54.78,  63.68,  67.7 ,
        72.08,  72.2 ,  80.86,  92.68, 102.1 ,  93.14,  88.35,  89.19,
        87.74,  70.59,  79.07,  90.64,  74.73,  66.03,  70.82,  70.5 ,
        60.77,  56.6 ,  64.71,  75.84,  78.46,  73.48,  74.4 ,  70.12,
        82.56,  77.21,  58.88,  52.01,  49.67,  45.  ,  45.66,  48.55,
        45.25,  44.3 ,  50.45,  45.34,  45.12,  47.3 ,  45.31,  47.8 ,
        55.69,  50.77,  45.88,  55.1 ,  51.9 ,  53.  ,  56.07,  50.57,
        56.67,  60.79,  52.35,  54.73,  55.12,  53.12,  42.15,  47.75,
        46.38,  40.27,  38.42,  47.43,  42.77,  44.11,  38.07,  40.88,
        46.99,  48.09,  48.4 ,  57.12,  55.82,  60.87,  66.53,  69.43,
        66.94,  64.04,  73.69,  84.74,  81.75,  73.53,  74.95,  70.1 ,
        71.03,  81.38,  75.  ,  86.48, 112.46,  85.14,  75.74,  73.73,
        74.69,  64.9 ,  78.  ,  86.94]), 'B': array([101.27,  74.14,  74.53,  70.04,  70.64,  86.97,  91.45,  91.61,
        96.93,  94.13, 103.11,  80.24, 103.65,  69.87,  71.19,  77.4 ,
        62.32,  57.  ,  60.79,  64.07,  55.2 ,  64.41,  56.75,  61.26,
        45.92,  50.64,  49.87,  46.93,  46.11,  47.33,  48.08,  49.56,
        53.44,  51.32,  45.21,  53.82,  62.53,  53.04,  60.83, 135.03,
       127.5 , 161.89, 152.63, 154.63, 127.57,  77.51,  76.11,  83.09,
        78.77,  51.25,  60.19,  66.32,  55.29,  46.32,  56.15,  67.73,
        66.94,  67.97,  74.23,  89.08,  74.26,  85.27,  65.87,  65.38,
        48.57,  51.39,  58.12,  49.11,  46.83,  45.64,  39.28,  41.3 ,
        38.14,  38.83,  41.1 ,  45.43,  47.74,  40.22,  44.36,  51.57,
        49.43,  51.85,  59.78,  62.33,  66.25,  53.94,  61.68,  58.94,
        62.44,  57.56,  58.77,  58.44,  62.8 ,  52.06,  52.61,  44.85,
        48.43,  49.97,  58.22,  52.39,  55.44,  56.57,  60.86,  69.3 ,
        55.51,  57.88,  62.7 ,  62.94,  62.27,  53.04,  67.86,  79.72,
        72.28,  63.83,  58.99,  58.  ,  60.94,  53.33,  51.72,  51.18,
        51.44,  47.01,  47.92,  52.49,  62.89,  51.83,  63.99,  79.94]), 'C': array([120.84, 112.76, 135.  ,  91.4 ,  80.86,  82.67, 100.99,  80.44,
        69.35,  87.08,  99.67, 100.48,  96.91, 105.17, 110.46, 111.52,
       127.64, 104.7 , 100.04,  81.67,  74.77,  79.67,  66.02,  62.7 ,
        72.2 ,  69.2 ,  58.91,  63.25,  62.96,  57.74,  58.69,  70.7 ,
        65.99,  58.62,  63.39,  57.2 ,  62.72,  63.83,  63.64,  63.78,
        59.26,  56.24,  68.84,  55.64,  56.55,  55.74,  59.39,  47.2 ,
        55.39,  59.77,  51.36,  51.4 ,  60.04,  60.05,  62.78,  63.89,
        64.71,  84.13,  74.2 ,  67.11,  77.23,  85.34, 109.99, 128.71,
       118.2 , 155.44, 132.94, 157.37, 176.17, 127.88, 156.  , 228.79,
       152.25, 149.71, 142.05, 131.49, 125.85, 116.26, 114.98, 174.67,
       132.9 , 155.6 , 123.15]), 'D': array([103.  , 101.64, 136.89,  97.69,  70.25,  69.57,  75.77,  77.29,
        70.72,  73.27,  86.29,  92.05,  81.82,  92.84, 112.74,  92.98,
       108.32, 123.35,  96.92, 106.25, 114.78,  89.43,  88.05,  89.46,
        91.86,  86.42,  73.54,  79.41,  76.07,  66.72,  78.55,  81.14,
        65.8 ,  63.11,  78.98,  76.28,  60.97,  69.8 ,  77.01,  80.18,
        74.43,  63.9 ,  76.62,  69.49,  59.04,  53.02,  63.22,  56.65,
        56.25,  57.64,  59.87,  66.99,  51.55,  69.41,  73.1 ,  75.02,
        91.97, 104.89, 108.46,  90.87,  93.08, 107.03, 148.61, 116.74,
       110.07, 135.85, 175.26, 108.42, 118.53, 119.85, 110.91, 131.81,
       100.24,  95.61,  96.55, 112.48,  99.43, 122.04, 105.9 , 114.36,
       147.7 , 152.13, 157.49])}",NA
15,,Q07812,1,8SVK,2023-05-16,X-RAY DIFFRACTION,2.25,0.2871,YES,0.2756,NA,NA,NA,NA,Other ligands,"DI(HYDROXYETHYL)ETHER, chain A,B,D;TRIETHYLENE GLYCOL, chain A,B,D;TETRAETHYLENE GLYCOL, chain D;SULFATE ION, chain D",A;B;C;D,"{'A': '[(72, 125)]', 'B': '[(72, 125)]', 'C': '[(72, 125)]', 'D': '[(72, 124)]'}",NA,"{'A': array([65.41, 60.41, 62.76, 66.77, 57.32, 55.75, 61.33, 64.03, 59.46,
       58.72, 67.36, 76.23, 87.79, 91.25, 89.78, 84.38, 73.43, 72.81,
       76.26, 71.46, 62.78, 63.63, 71.9 , 60.9 , 59.24, 61.61, 73.53,
       71.09, 80.18, 99.01, 92.97, 80.71, 80.77, 66.54, 54.26, 48.49,
       46.84, 50.86, 54.06, 49.6 , 48.71, 47.41, 55.53, 55.74, 52.75,
       53.85, 56.02, 58.75, 60.88, 59.96, 63.52, 71.3 , 87.85, 80.49]), 'B': array([ 50.91,  47.38,  54.65,  51.94,  46.77,  52.4 ,  51.78,  56.37,
        55.21,  60.14,  68.48, 109.87, 141.04, 148.34, 176.6 , 147.27,
       106.97,  88.76,  87.9 ,  78.63,  63.35,  65.64,  69.73,  67.37,
        59.94,  68.13,  75.2 ,  76.63,  68.71,  60.15,  59.22,  76.5 ,
        72.04,  88.82,  67.41,  60.63,  51.47,  45.6 ,  49.1 ,  45.92,
        42.59,  46.59,  47.47,  51.2 ,  48.82,  49.45,  51.6 ,  48.28,
        52.01,  57.94,  60.2 ,  61.91,  65.47,  69.91]), 'C': array([ 74.98,  90.59, 108.06, 100.18,  87.  ,  83.64,  86.62,  88.07,
        86.37,  80.62, 103.72, 123.93, 133.46, 115.7 , 122.21, 114.89,
        86.88,  80.09,  86.53,  78.59,  64.24,  68.35,  69.69,  63.97,
        69.41,  70.55,  77.89,  82.45,  80.11,  84.14,  82.57,  81.97,
        74.32,  64.48,  53.78,  52.15,  51.19,  50.74,  49.78,  50.18,
        47.39,  49.75,  44.44,  51.17,  43.28,  51.66,  52.43,  51.65,
        55.1 ,  58.35,  66.53,  70.71,  74.66,  78.91]), 'D': array([ 53.34,  48.11,  51.22,  55.88,  55.94,  54.62,  58.97,  61.56,
        70.21,  72.39,  89.88, 126.68, 158.01, 148.31, 131.1 , 110.6 ,
        87.01,  69.43,  61.96,  59.79,  56.45,  51.62,  56.12,  51.02,
        53.18,  57.77,  66.6 ,  71.9 ,  75.41,  76.19,  74.15,  77.63,
        72.81,  79.31,  66.11,  56.85,  51.7 ,  52.19,  45.95,  47.68,
        39.48,  49.92,  49.81,  50.58,  48.19,  51.63,  48.89,  54.95,
        52.54,  58.12,  58.44,  72.58,  88.9 ])}",NA
16,,Q07812,1,8SPE,2023-05-03,X-RAY DIFFRACTION,2.3,0.2562,YES,0.248,NA,NA,NA,NA,Other ligands,"ZINC ION, chain B,C,D,I,J,M,c,h;1,2-ETHANEDIOL, chain C,D,F,I,J,N;DI(HYDROXYETHYL)ETHER, chain F",A;B;C;D;E;F;G;H;I;J;K;L;M;N;O;P;Q;R;S;T;U;V;W;X;Y;Z;a;b;c;d;e;f;g;h;i;j,"{'A': '[(63, 123)]', 'B': '[(63, 123)]', 'C': '[(85, 124)]', 'D': '[(63, 125)]', 'E': '[(63, 124)]', 'F': '[(63, 123)]', 'G': '[(87, 123)]', 'H': '[(88, 124)]', 'I': '[(84, 123)]', 'J': '[(63, 124)]', 'K': '[(63, 124)]', 'L': '[(63, 81)]', 'M': '[(87, 123)]', 'N': '[(63, 124)]', 'O': '[(87, 124)]', 'P': '[(87, 124)]', 'Q': '[(63, 125)]', 'R': '[(63, 124)]', 'S': '[(63, 124)]', 'T': '[(85, 124)]', 'U': '[(88, 123)]', 'V': '[(87, 122)]', 'W': '[(86, 123)]', 'X': '[(63, 122)]', 'Y': '[(63, 123)]', 'Z': '[(63, 84);(87, 125)]', 'a': '[(63, 123)]', 'b': '[(63, 125)]', 'c': '[(87, 124)]', 'd': '[(63, 123)]', 'e': '[(63, 85);(87, 124)]', 'f': '[(63, 123)]', 'g': '[(86, 121)]', 'h': '[(63, 101)]', 'i': '[(63, 125)]', 'j': '[(63, 122)]'}",NA,"{'A': array([ 38.8 ,  39.16,  38.02,  39.14,  34.93,  46.98,  48.81,  49.19,
        50.47,  54.27,  55.65,  60.  ,  60.52,  55.61,  48.59,  55.57,
        51.67,  54.94,  66.72,  67.42,  76.09, 101.03, 112.62, 110.6 ,
        88.49,  60.16,  54.5 ,  55.29,  50.61,  43.29,  46.15,  46.52,
        48.26,  46.92,  51.11,  57.46,  55.77,  57.64,  62.95,  64.99,
        64.01,  57.8 ,  45.07,  45.6 ,  40.39,  35.64,  33.39,  37.49,
        30.09,  35.19,  39.89,  37.13,  38.27,  42.71,  38.89,  43.78,
        45.42,  49.59,  49.95,  53.78,  64.57]), 'B': array([42.27, 46.38, 39.23, 36.26, 35.29, 41.71, 38.69, 38.34, 33.88,
       41.7 , 43.  , 44.83, 43.69, 38.18, 37.9 , 48.8 , 39.26, 43.58,
       42.61, 44.24, 45.32, 42.08, 48.69, 46.11, 38.42, 36.53, 36.1 ,
       36.79, 34.18, 30.26, 35.13, 36.94, 32.73, 34.06, 38.54, 39.71,
       35.46, 39.26, 33.74, 39.93, 43.19, 47.48, 39.1 , 39.18, 35.99,
       35.53, 28.67, 29.7 , 34.37, 34.24, 37.41, 32.51, 35.26, 32.17,
       34.08, 31.8 , 42.73, 37.26, 39.85, 46.6 , 56.29]), 'C': array([94.65, 90.61, 55.33, 45.  , 44.16, 44.79, 42.64, 35.49, 34.26,
       41.15, 39.37, 37.77, 45.35, 41.52, 40.59, 40.51, 39.27, 40.27,
       37.59, 46.09, 42.76, 42.42, 39.36, 36.84, 27.53, 28.03, 29.72,
       31.7 , 31.18, 34.86, 34.13, 34.5 , 31.3 , 44.38, 48.29, 45.73,
       46.24, 55.15, 66.25, 72.31]), 'D': array([41.7 , 47.18, 46.  , 44.01, 40.03, 51.1 , 51.48, 49.24, 53.49,
       55.75, 47.08, 52.58, 54.62, 44.21, 47.1 , 51.09, 41.73, 46.76,
       44.87, 46.48, 46.8 , 58.7 , 64.18, 67.96, 58.44, 51.51, 45.4 ,
       52.19, 41.35, 37.87, 38.12, 35.77, 40.59, 39.44, 40.67, 47.12,
       40.65, 51.89, 54.54, 62.34, 59.28, 58.11, 49.25, 45.1 , 39.34,
       38.47, 32.82, 32.03, 34.28, 37.2 , 36.22, 35.68, 33.01, 34.26,
       37.36, 35.75, 37.4 , 46.22, 50.12, 54.45, 63.43, 66.8 , 76.07]), 'E': array([ 34.11,  39.84,  38.46,  38.64,  37.28,  48.21,  52.26,  48.61,
        45.1 ,  50.73,  50.2 ,  56.15,  58.33,  54.6 ,  52.97,  57.67,
        56.3 ,  53.88,  58.33,  66.68,  73.05,  95.69, 128.99, 123.12,
        87.53,  60.47,  50.72,  54.49,  47.61,  44.89,  46.15,  53.32,
        44.37,  46.18,  49.25,  54.46,  48.44,  53.76,  64.56,  66.1 ,
        66.18,  55.79,  45.64,  41.29,  35.64,  26.85,  27.8 ,  31.43,
        26.74,  32.03,  32.98,  33.35,  33.42,  38.54,  40.37,  39.73,
        47.15,  46.64,  45.03,  49.59,  71.34,  86.27]), 'F': array([35.71, 42.78, 35.76, 35.27, 31.87, 40.48, 33.52, 37.95, 33.54,
       37.89, 38.76, 42.06, 39.99, 43.8 , 40.05, 42.06, 40.26, 40.44,
       43.18, 47.65, 47.97, 47.99, 49.7 , 45.51, 42.37, 35.66, 38.78,
       34.49, 40.77, 34.1 , 34.41, 36.34, 33.27, 37.68, 37.15, 38.83,
       40.9 , 37.35, 37.35, 45.94, 45.58, 45.88, 40.49, 43.53, 33.  ,
       32.69, 29.05, 28.97, 29.1 , 30.33, 32.08, 35.3 , 28.38, 28.71,
       31.62, 27.16, 40.03, 30.84, 48.82, 48.07, 70.48]), 'G': array([101.88,  87.86,  80.  ,  95.72,  85.78,  76.68,  81.4 ,  91.79,
        85.81,  83.27,  94.05, 121.97,  86.69,  88.05, 107.34, 113.85,
       103.73,  80.9 ,  64.08,  53.88,  47.05,  44.71,  47.69,  46.9 ,
        47.63,  52.43,  54.62,  49.83,  56.88,  59.45,  62.39,  62.49,
        67.08,  69.12,  69.62,  70.55,  79.1 ]), 'H': array([ 85.46,  94.39, 109.1 ,  95.16,  83.22,  90.31,  94.56,  81.46,
        85.  ,  91.73,  94.64,  87.05,  97.16, 105.68, 109.61, 118.1 ,
       118.47,  99.16,  85.62,  69.18,  69.47,  66.92,  64.77,  59.79,
        54.  ,  56.32,  54.64,  52.17,  52.44,  58.49,  56.24,  62.88,
        62.24,  72.82,  71.87,  78.22,  89.05]), 'I': array([89.24, 90.85, 74.36, 50.05, 40.1 , 46.13, 43.59, 44.29, 36.89,
       35.08, 38.49, 35.36, 36.37, 36.22, 40.32, 37.11, 36.23, 32.65,
       38.67, 40.67, 44.23, 43.82, 38.83, 33.41, 28.7 , 30.61, 28.55,
       27.65, 33.46, 35.77, 33.94, 32.48, 32.12, 33.95, 33.55, 42.2 ,
       38.63, 42.69, 52.08, 57.18]), 'J': array([41.63, 42.1 , 41.22, 36.99, 37.34, 49.52, 51.36, 52.95, 54.08,
       49.37, 52.35, 53.62, 55.24, 46.07, 49.23, 48.61, 45.3 , 51.97,
       52.58, 50.86, 55.83, 65.82, 74.24, 80.39, 67.39, 53.1 , 48.59,
       47.98, 45.73, 41.69, 43.91, 42.35, 37.67, 42.79, 39.87, 49.37,
       47.24, 57.28, 59.78, 65.33, 68.95, 62.4 , 53.78, 47.15, 42.61,
       36.23, 37.28, 37.88, 31.5 , 33.51, 30.12, 34.84, 30.63, 34.92,
       35.34, 33.39, 42.61, 44.94, 48.14, 56.72, 61.67, 71.32]), 'K': array([103.14, 108.33, 112.47, 107.83, 104.05, 125.26, 123.42, 113.39,
       127.41, 164.98, 149.04, 152.26, 160.27, 132.57, 127.38, 127.87,
       123.15, 107.07, 112.37, 116.18, 120.18, 145.21, 144.48, 138.26,
       140.47,  93.44,  71.01,  68.27,  69.07,  58.28,  55.66,  60.69,
        57.74,  53.22,  55.39,  65.78,  53.7 ,  59.57,  72.04,  76.95,
        74.17,  63.01,  51.63,  49.55,  41.56,  39.42,  34.49,  40.5 ,
        39.32,  48.3 ,  47.69,  51.22,  54.02,  56.45,  57.56,  59.24,
        66.85,  63.62,  72.08,  82.58,  87.13,  88.59]), 'L': array([ 56.75,  56.49,  62.53,  50.12,  47.4 ,  53.43,  59.6 ,  54.47,
        54.76,  56.95,  67.43,  77.54,  86.85,  84.68,  84.48,  95.54,
       115.6 , 103.81, 106.25]), 'M': array([100.73,  94.14,  94.43,  96.59,  94.19,  88.36,  92.08,  94.89,
        91.29,  90.14, 101.48, 108.13, 103.69, 109.73, 133.89, 165.05,
       142.94, 116.63,  90.32,  77.29,  60.44,  53.61,  58.55,  54.08,
        53.17,  50.31,  57.95,  53.19,  52.36,  56.27,  60.73,  61.53,
        69.08,  70.51,  76.25,  78.47,  80.96]), 'N': array([74.22, 80.14, 76.64, 64.48, 62.59, 68.76, 68.99, 58.43, 62.47,
       58.47, 54.3 , 54.81, 53.41, 46.98, 47.5 , 44.38, 42.23, 43.77,
       44.28, 45.74, 44.28, 69.27, 77.61, 76.  , 60.03, 50.65, 44.47,
       49.08, 39.63, 35.4 , 44.37, 41.87, 39.56, 40.71, 41.38, 43.84,
       46.41, 51.  , 47.42, 56.17, 52.97, 48.69, 46.68, 49.22, 47.37,
       38.92, 35.87, 38.06, 36.06, 35.36, 36.93, 43.38, 37.04, 42.07,
       42.49, 43.65, 49.24, 44.27, 55.4 , 58.83, 68.22, 72.98]), 'O': array([88.41, 77.08, 70.39, 74.83, 62.22, 52.82, 56.4 , 58.2 , 58.04,
       55.32, 51.35, 61.17, 54.55, 52.35, 53.34, 53.37, 49.02, 49.18,
       45.09, 47.44, 46.55, 39.22, 41.11, 45.53, 38.58, 42.38, 45.97,
       47.03, 47.2 , 52.15, 51.6 , 58.84, 60.71, 66.96, 67.19, 74.86,
       85.39, 86.68]), 'P': array([ 81.01,  74.12,  70.94,  72.7 ,  71.32,  69.36,  67.37,  71.68,
        72.93,  76.46,  83.15,  86.22,  85.36,  96.01, 108.58, 120.89,
       119.13, 110.29,  89.95,  70.2 ,  60.59,  58.03,  54.56,  57.56,
        52.62,  55.02,  55.17,  47.05,  46.35,  44.67,  49.81,  46.79,
        55.75,  59.35,  66.95,  69.51,  79.72,  87.45]), 'Q': array([ 43.94,  46.37,  48.28,  43.43,  41.38,  52.02,  58.21,  55.72,
        56.84,  61.19,  64.71,  66.4 ,  66.89,  61.98,  60.06,  67.52,
        62.57,  68.22,  72.63,  79.9 ,  93.42, 150.65, 127.68, 109.04,
        85.77,  66.51,  59.03,  60.79,  59.89,  52.52,  54.47,  58.15,
        58.59,  56.79,  61.69,  58.85,  50.92,  56.16,  52.81,  52.96,
        54.89,  53.66,  44.73,  45.3 ,  38.9 ,  36.8 ,  39.02,  38.71,
        32.15,  35.78,  37.38,  42.22,  45.11,  47.31,  46.83,  47.83,
        54.6 ,  59.01,  57.43,  64.35,  68.95,  73.19,  83.39]), 'R': array([48.47, 40.2 , 48.32, 46.62, 40.17, 42.7 , 45.01, 44.04, 38.5 ,
       43.86, 44.83, 52.93, 50.2 , 48.1 , 47.91, 56.38, 55.09, 52.22,
       61.6 , 61.65, 73.38, 80.33, 92.09, 98.79, 86.4 , 67.46, 64.45,
       63.2 , 54.71, 50.25, 52.05, 47.88, 48.84, 44.85, 47.08, 46.54,
       43.56, 42.47, 42.97, 50.01, 48.58, 57.64, 52.6 , 45.67, 39.05,
       36.75, 33.93, 36.84, 36.11, 38.25, 39.66, 42.58, 41.73, 36.64,
       44.26, 49.66, 53.99, 49.39, 54.77, 66.54, 68.44, 77.56]), 'S': array([ 53.42,  50.93,  56.18,  50.47,  46.08,  53.75,  54.58,  56.47,
        55.62,  57.15,  67.26,  71.85,  74.35,  68.84,  67.54,  77.23,
        76.31,  78.72,  84.74,  86.76,  96.1 , 117.68, 118.36, 119.25,
        82.53,  59.95,  57.24,  58.35,  57.82,  49.23,  53.14,  64.24,
        60.76,  60.14,  63.89,  72.7 ,  64.98,  70.36,  76.19,  80.72,
        90.19,  74.52,  66.11,  64.18,  50.13,  47.72,  51.02,  46.44,
        42.04,  51.26,  50.46,  45.61,  46.23,  45.8 ,  41.69,  46.25,
        60.5 ,  53.52,  62.59,  85.36,  90.19,  93.12]), 'T': array([103.73, 114.07, 144.28,  84.54,  70.88,  80.73,  69.6 ,  54.47,
        59.78,  61.61,  60.14,  59.97,  63.03,  64.37,  66.36,  62.12,
        72.52,  73.94,  70.  ,  67.31,  56.9 ,  56.69,  44.46,  42.65,
        42.51,  44.2 ,  41.2 ,  46.12,  48.14,  47.26,  47.31,  51.38,
        47.27,  46.36,  57.12,  49.78,  57.36,  57.61,  76.17,  81.34]), 'U': array([ 94.34,  95.49, 101.33,  94.61,  89.14,  93.26, 100.96,  95.88,
        92.17, 100.83, 106.41,  97.56,  98.67, 104.17, 102.36, 109.12,
       104.16,  89.53,  78.18,  59.81,  55.13,  56.73,  54.28,  55.92,
        55.02,  57.51,  53.68,  54.64,  57.9 ,  53.79,  55.13,  64.92,
        72.58,  75.4 ,  75.49,  80.74]), 'V': array([81.22, 66.71, 61.86, 66.26, 63.87, 51.97, 59.76, 55.89, 54.14,
       55.4 , 57.94, 60.84, 57.28, 63.02, 64.62, 73.15, 59.44, 57.8 ,
       57.94, 51.76, 49.3 , 42.09, 39.42, 44.66, 39.79, 39.42, 46.84,
       46.72, 42.37, 45.82, 50.91, 52.45, 56.9 , 54.13, 61.18, 60.79]), 'W': array([104.65,  96.48,  84.69,  82.8 ,  85.24,  80.9 ,  74.93,  76.87,
        80.94,  71.39,  73.66,  75.87,  81.47,  78.12,  84.58,  84.54,
        99.61, 102.67, 111.9 ,  85.92,  80.59,  66.09,  62.08,  59.53,
        52.28,  52.7 ,  51.6 ,  53.8 ,  52.81,  54.34,  55.35,  55.72,
        58.91,  64.35,  66.51,  73.43,  81.03,  87.21]), 'X': array([ 78.1 ,  80.91,  83.41,  78.78,  74.5 ,  79.9 ,  81.62,  74.51,
        78.53,  83.42,  83.71,  84.08,  85.95,  76.07,  77.63,  78.47,
        75.54,  74.55,  80.32,  90.63, 103.1 , 126.75, 174.14, 142.  ,
       106.8 ,  77.66,  70.13,  74.63,  71.13,  61.49,  63.93,  66.78,
        65.03,  65.71,  66.19,  73.85,  68.65,  69.84,  81.33,  91.67,
        81.5 ,  72.65,  55.94,  61.48,  53.75,  48.2 ,  48.95,  46.19,
        44.05,  45.59,  52.86,  51.11,  49.51,  53.8 ,  50.4 ,  52.87,
        60.42,  50.65,  57.86,  64.07]), 'Y': array([ 66.46,  69.27,  75.68,  72.88,  64.4 ,  71.02,  80.86,  76.39,
        81.89,  85.15,  86.39,  95.95,  97.27,  88.24,  93.58,  94.38,
        90.71,  89.25,  99.44, 109.31, 118.32, 136.94, 162.88, 186.37,
       128.72,  89.78,  68.82,  76.77,  68.42,  58.69,  60.62,  63.83,
        58.59,  54.86,  56.54,  66.34,  58.99,  60.39,  63.94,  61.18,
        53.71,  47.06,  50.04,  46.94,  41.3 ,  38.33,  44.83,  47.71,
        45.57,  47.31,  48.08,  51.03,  51.12,  55.12,  53.42,  56.7 ,
        63.59,  58.58,  60.95,  72.14,  80.67]), 'Z': array([ 49.89,  51.4 ,  51.05,  45.89,  41.04,  46.99,  58.23,  48.75,
        47.57,  53.11,  56.74,  47.09,  59.45,  55.85,  54.39,  63.79,
        63.08,  66.59,  68.79,  76.44,  81.59, 100.93,  93.75,  75.65,
        70.  ,  76.71,  71.26,  56.75,  65.74,  75.14,  68.71,  68.49,
        76.07,  76.41,  73.31,  77.16,  81.38,  82.  ,  80.12,  78.23,
        69.86,  68.13,  55.06,  54.5 ,  52.16,  52.81,  47.54,  51.57,
        49.77,  46.54,  47.41,  41.76,  43.76,  42.64,  49.52,  48.72,
        51.7 ,  59.53,  63.76,  74.54,  75.47]), 'a': array([ 47.28,  47.49,  48.59,  39.82,  41.72,  49.92,  48.42,  43.95,
        41.35,  49.97,  45.16,  43.78,  47.3 ,  47.48,  52.23,  58.69,
        59.46,  63.04,  73.64,  86.2 , 109.83, 185.26, 119.75,  80.4 ,
        77.97,  67.21,  65.58,  64.35,  59.01,  50.25,  54.12,  61.15,
        51.66,  53.06,  58.93,  60.51,  49.03,  50.11,  53.61,  52.59,
        43.15,  48.12,  48.31,  34.77,  41.68,  32.42,  36.78,  33.07,
        31.49,  40.32,  43.39,  43.95,  42.12,  44.33,  45.38,  46.81,
        54.49,  52.86,  63.47,  77.9 ,  74.92]), 'b': array([ 39.73,  43.92,  41.56,  41.11,  37.51,  41.9 ,  42.59,  40.65,
        41.05,  42.8 ,  41.59,  49.93,  51.85,  53.43,  54.95,  60.56,
        64.35,  66.06,  72.3 ,  79.29,  88.84, 101.14,  98.65,  94.36,
        73.47,  61.48,  58.11,  60.62,  54.43,  46.13,  50.59,  60.22,
        52.19,  52.73,  56.87,  60.41,  53.51,  56.37,  60.63,  62.11,
        53.5 ,  59.3 ,  53.98,  52.26,  45.86,  39.2 ,  40.46,  47.42,
        35.44,  42.61,  45.15,  46.  ,  40.81,  43.65,  52.22,  47.03,
        60.27,  53.84,  58.48,  65.76,  72.43,  77.75,  81.92]), 'c': array([65.52, 58.96, 59.76, 63.44, 53.49, 53.06, 54.94, 63.85, 58.53,
       53.61, 62.79, 63.22, 58.42, 63.51, 68.4 , 64.57, 58.01, 63.92,
       57.27, 58.84, 55.02, 38.33, 46.39, 49.33, 41.52, 44.4 , 47.28,
       49.29, 42.2 , 44.74, 53.66, 47.61, 53.67, 52.42, 60.58, 66.22,
       76.82, 83.66]), 'd': array([ 46.69,  51.69,  47.11,  41.18,  44.34,  51.35,  47.52,  48.44,
        45.62,  54.1 ,  47.94,  49.98,  51.1 ,  49.61,  45.88,  59.1 ,
        59.19,  62.01,  68.96,  72.31,  83.19, 100.45, 109.1 , 134.68,
        92.81,  70.25,  66.41,  73.12,  61.2 ,  55.86,  53.09,  56.29,
        52.21,  49.98,  52.89,  53.47,  45.42,  54.42,  59.21,  56.53,
        46.61,  47.5 ,  48.19,  36.77,  43.24,  35.9 ,  37.18,  33.93,
        37.55,  43.25,  42.89,  46.19,  47.7 ,  44.67,  48.47,  48.32,
        57.87,  52.51,  60.98,  72.06,  76.27]), 'e': array([ 55.  ,  53.98,  51.84,  49.14,  50.37,  52.52,  54.75,  58.08,
        54.86,  60.51,  64.65,  65.63,  74.14,  72.95,  72.67,  81.77,
        82.53,  83.14,  96.25,  99.33, 113.69, 135.73, 144.99, 125.12,
        86.6 ,  74.62,  84.6 ,  73.99,  67.87,  70.26,  82.43,  78.96,
        81.14,  91.04, 104.19,  95.86,  94.95, 107.27, 104.75,  97.82,
       102.29,  77.86,  72.17,  62.83,  74.33,  67.56,  62.37,  57.48,
        58.9 ,  54.26,  48.83,  51.29,  47.42,  48.45,  46.74,  55.67,
        55.4 ,  52.38,  60.76,  62.17,  62.25]), 'f': array([ 95.58,  97.  , 102.34, 101.89, 100.01, 115.76, 119.29, 119.9 ,
       152.06, 143.56, 123.15, 114.61, 103.5 , 105.87, 106.7 , 102.53,
        98.37,  92.76, 101.47, 101.85, 116.51, 148.41, 179.68, 147.12,
       116.8 ,  87.39,  71.37,  77.6 ,  72.3 ,  62.88,  65.51,  69.73,
        66.05,  67.1 ,  67.43,  73.13,  62.13,  61.37,  66.64,  64.2 ,
        54.51,  55.06,  53.92,  49.88,  54.38,  48.47,  49.14,  50.87,
        44.27,  50.63,  51.25,  52.98,  60.81,  58.93,  59.15,  57.9 ,
        65.05,  63.41,  67.21,  71.07,  78.05]), 'g': array([149.78, 116.6 ,  89.04,  84.7 ,  87.67,  82.79,  72.98,  76.12,
        76.98,  75.58,  75.46,  81.64,  82.47,  79.12,  84.69,  95.54,
       102.12, 108.08,  95.57,  82.23,  78.18,  68.28,  61.9 ,  66.01,
        61.46,  56.65,  60.62,  57.59,  59.83,  62.43,  64.16,  66.16,
        63.04,  70.42,  71.73,  76.78]), 'h': array([ 73.31,  67.76,  63.23,  66.45,  62.06,  70.27,  68.35,  67.99,
        68.58,  72.94,  80.28,  80.45,  87.96,  87.01,  90.12, 101.08,
       102.47, 104.66, 113.94, 130.06, 153.29, 181.52, 175.28, 170.86,
       138.07, 117.9 , 109.39, 115.15, 113.37, 101.38,  99.74, 100.39,
        98.21, 100.  , 105.61, 105.13, 102.97, 105.9 , 110.58]), 'i': array([ 73.54,  75.22,  71.92,  62.45,  60.95,  70.58,  73.9 ,  73.36,
        71.66,  80.16,  85.65,  98.62, 102.64,  95.  ,  94.03, 103.41,
       106.85,  99.67, 112.38, 125.6 , 146.27, 165.09, 175.3 , 181.31,
       151.43, 117.89, 108.28, 106.59, 102.54,  92.88,  93.49,  95.32,
        91.54,  89.64,  93.06,  93.87,  92.24,  99.85,  99.03, 102.18,
        95.4 ,  96.11,  95.3 ,  90.47,  75.34,  75.74,  70.86,  66.71,
        68.02,  64.83,  71.2 ,  67.07,  64.62,  67.81,  69.92,  74.34,
        77.  ,  81.64,  84.26,  92.62,  99.73, 110.9 , 111.3 ]), 'j': array([ 81.1 ,  85.71,  83.84,  76.2 ,  80.54,  87.37,  89.94,  97.51,
       116.62, 103.9 , 107.22, 108.94, 110.97, 108.18, 107.56, 114.61,
       115.75, 112.03, 115.24, 116.39, 121.44, 139.45, 152.04, 178.05,
       148.51, 115.59,  99.17, 104.73, 104.15,  86.33,  90.16,  87.91,
        85.67,  88.14,  97.55, 125.1 , 101.54, 101.14, 109.84, 105.32,
       105.05,  90.21,  75.59,  70.95,  62.88,  57.44,  60.25,  64.32,
        52.4 ,  61.32,  62.26,  63.09,  66.52,  66.69,  67.88,  68.15,
        74.87,  81.07,  82.69,  87.55])}",NA
17,,Q07812,1,5W61,2017-06-16,X-RAY DIFFRACTION,2.3,0.2521,YES,0.2466,NA,NA,NA,NA,NA,NA,A,"{'A': '[(47, 126);(130, 188)]'}","{'A': ['C62S', 'C126S', 'P168G']}","{'A': array([ 98.87, 108.06, 121.31, 117.82, 121.67, 116.27, 103.7 ,  92.96,
        81.16,  71.48,  67.66,  65.53,  54.22,  50.59,  56.56,  50.08,
        43.98,  51.66,  46.89,  38.39,  40.02,  45.54,  40.67,  33.66,
        36.51,  40.32,  36.02,  37.08,  42.01,  34.02,  37.94,  43.81,
        44.02,  45.04,  47.47,  56.89,  69.38,  90.03,  97.16, 105.7 ,
        73.69,  61.95,  55.62,  57.62,  52.76,  42.12,  42.03,  45.99,
        36.13,  34.44,  41.5 ,  37.29,  38.45,  37.57,  41.24,  43.34,
        36.63,  39.95,  41.08,  33.27,  31.66,  28.22,  30.28,  30.01,
        28.82,  26.96,  29.86,  29.77,  30.98,  29.73,  31.02,  33.31,
        34.3 ,  35.92,  39.41,  45.94,  50.67,  66.63,  77.64,  92.47,
        84.37,  76.92,  64.59,  54.86,  49.17,  46.04,  44.19,  38.34,
        39.46,  37.84,  32.8 ,  32.62,  36.12,  34.17,  35.24,  38.05,
        35.26,  34.84,  35.53,  37.55,  39.11,  38.32,  37.54,  42.58,
        40.93,  40.78,  43.02,  42.87,  40.5 ,  48.94,  41.91,  39.59,
        45.56,  50.05,  45.49,  48.63,  59.12,  63.36,  80.38,  78.89,
        65.  ,  66.86,  55.65,  51.32,  38.69,  35.52,  37.55,  31.82,
        34.51,  33.33,  37.45,  34.02,  39.8 ,  43.94,  43.33,  52.48,
        61.83,  71.16,  71.96])}",NA
18,,Q07812,1,2G5B,2006-02-22,X-RAY DIFFRACTION,2.3,0.275,YES,0.2429,protein complex,"['HVM63_MOUSE, P84751, chain_B;BAX_HUMAN, Q07812, chain_I']",NA,NA,Other ligands,"beta-D-mannopyranose-(1-4)-2-acetamido-2-deoxy-beta-D-glucopyranose-(1-4)-2-acetamido-2-deoxy-beta-D-glucopyranose, chain M,O;2-acetamido-2-deoxy-alpha-D-glucopyranose-(1-4)-2-acetamido-2-deoxy-beta-D-glucopyranose, chain N;alpha-D-mannopyranose-(1-4)-2-acetamido-2-deoxy-beta-D-glucopyranose-(1-4)-2-acetamido-2-deoxy-beta-D-glucopyranose, chain P;SULFATE ION, chain A,C,E,G",I;J;K;L,"{'I': '[(13, 19)]', 'J': '[(13, 19)]', 'K': '[(13, 19)]', 'L': '[(13, 19)]'}",NA,"{'I': array([59.29, 60.85, 38.69, 56.94, 47.4 , 54.85, 75.5 ]), 'J': array([49.82, 27.29, 28.98, 43.56, 35.37, 44.97, 80.89]), 'K': array([46.66, 30.26, 34.2 , 38.93, 34.22, 45.56, 68.95]), 'L': array([39.02, 32.27, 32.09, 39.28, 33.47, 36.45, 72.76])}",NA
19,,Q07812,1,8SRY,2023-05-08,X-RAY DIFFRACTION,2.4,0.2477,YES,0.2389,protein complex,"['BAK_HUMAN, Q16611, chain_A;BAX_HUMAN, Q07812, chain_B']",NA,NA,Other ligands,"2-(2-METHOXYETHOXY)ETHANOL, chain A;DI(HYDROXYETHYL)ETHER, chain B,D;3,6,9,12,15-PENTAOXATRICOSAN-1-OL, chain B;3,6,9,12,15,18-HEXAOXAICOSANE-1,20-DIOL, chain C;TETRAETHYLENE GLYCOL, chain D",B;D,"{'B': '[(63, 125)]', 'D': '[(63, 125)]'}",NA,"{'B': array([ 46.94,  50.82,  51.26,  52.02,  49.85,  46.62,  51.78,  53.35,
        56.05,  57.36,  52.25,  59.16,  64.47,  56.61,  59.43,  63.99,
        59.01,  57.61,  68.75,  73.36,  88.25, 115.09, 121.34, 134.16,
       129.14, 115.12, 101.66,  97.52,  86.36,  75.02,  78.15,  75.73,
        69.22,  71.22,  71.96,  72.83,  76.57,  69.92,  77.15,  79.3 ,
        74.05,  76.96,  69.38,  58.1 ,  52.  ,  45.46,  47.03,  48.68,
        42.08,  42.88,  45.9 ,  45.06,  44.47,  45.99,  52.66,  48.12,
        42.08,  52.45,  42.73,  54.75,  58.58,  62.52,  63.29]), 'D': array([ 50.64,  55.19,  50.36,  51.94,  45.83,  50.56,  43.44,  43.98,
        51.45,  44.93,  42.82,  43.23,  52.46,  49.7 ,  52.69,  55.82,
        50.47,  50.63,  63.08,  59.03,  70.4 ,  87.52,  97.86, 103.93,
       101.15,  90.59,  84.37,  83.75,  74.41,  66.17,  65.26,  71.16,
        64.47,  62.98,  70.32,  64.95,  57.21,  72.95,  73.79,  79.86,
        77.79,  71.32,  67.52,  51.93,  46.21,  38.72,  44.63,  45.63,
        40.49,  44.48,  45.55,  40.96,  39.39,  37.07,  42.49,  44.3 ,
        38.86,  44.71,  45.84,  50.93,  57.15,  56.87,  69.19])}",NA
20,,Q07812,1,8SPZ,2023-05-04,X-RAY DIFFRACTION,2.4,0.3405,YES,0.3209,NA,NA,NA,NA,Other ligands,"['SULFATE ION, chain B,C']",A;B;C;D,"{'A': '[(63, 125)]', 'B': '[(63, 125)]', 'C': '[(87, 124)]', 'D': '[(88, 124)]'}",NA,"{'A': array([ 59.98,  63.14,  64.67,  61.48,  61.36,  60.29,  59.53,  51.9 ,
        56.56,  66.15,  66.37,  72.93,  69.77,  63.2 ,  66.83,  69.34,
        67.25,  64.97,  65.82,  77.26,  80.13,  90.68, 106.22, 109.62,
       104.95, 103.77, 101.39,  97.23,  90.92,  83.26,  84.98,  79.27,
        83.16,  76.34,  79.05,  83.25,  82.3 ,  82.99,  80.36,  82.71,
        82.  ,  83.14,  72.53,  61.94,  55.42,  56.44,  59.3 ,  61.13,
        58.87,  55.47,  58.07,  63.84,  54.69,  52.39,  55.97,  50.5 ,
        51.3 ,  56.68,  58.1 ,  64.96,  63.48,  69.52,  74.84]), 'B': array([57.62, 65.27, 61.27, 62.22, 60.15, 59.78, 65.4 , 55.89, 61.71,
       71.57, 75.34, 75.25, 82.44, 68.31, 67.34, 66.09, 60.52, 59.19,
       68.87, 68.44, 62.78, 71.83, 70.96, 78.22, 79.87, 67.13, 69.38,
       67.74, 65.3 , 59.87, 65.97, 60.  , 63.73, 62.26, 70.76, 74.06,
       86.07, 91.07, 98.58, 90.74, 89.32, 90.69, 84.19, 72.25, 59.51,
       54.3 , 65.3 , 56.23, 54.29, 58.08, 55.01, 61.45, 57.4 , 58.12,
       56.27, 60.7 , 58.21, 58.87, 65.84, 68.88, 72.48, 75.39, 90.74]), 'C': array([136.75, 120.24, 102.42,  99.42,  88.79,  75.77,  77.34,  79.35,
        77.05,  70.21,  78.51,  83.2 ,  81.53,  80.55,  83.71,  86.48,
        84.72,  92.83,  89.36,  83.25,  75.93,  65.99,  71.11,  69.46,
        66.76,  72.52,  73.38,  71.86,  73.26,  76.81,  79.74,  81.69,
        87.93,  93.28,  98.06,  98.06,  96.81, 100.06]), 'D': array([100.33, 101.45,  94.65,  85.99,  74.76,  78.82,  77.54,  72.22,
        71.35,  79.44,  82.21,  86.97,  83.65,  81.26,  80.55,  92.02,
        93.45,  88.22,  76.98,  71.29,  63.58,  58.74,  60.28,  63.86,
        59.28,  68.4 ,  69.6 ,  65.11,  62.85,  65.56,  64.72,  74.77,
        78.32,  85.67, 101.79, 111.21, 116.49])}",NA
21,,Q07812,1,4ZIF,2015-04-28,X-RAY DIFFRACTION,2.401,0.2554,YES,0.2596,protein complex,"['BAX_HUMAN, Q07812, chain_A;B2L11_HUMAN, O43521, chain_B']",NA,NA,NA,NA,A,"{'A': '[(48, 166)]'}","{'A': ['C62S', 'C126S']}","{'A': array([110.82, 119.96,  97.67,  91.93,  86.94, 127.23, 103.24,  97.35,
        80.59,  72.85,  70.75,  58.43,  62.82,  68.99,  68.11,  61.17,
        79.43,  75.42,  75.54,  53.88,  70.13,  79.95,  68.42,  64.  ,
        75.93,  82.81,  91.91,  92.4 ,  78.53,  88.62,  97.46, 106.17,
        77.67,  93.22, 112.26, 109.54, 150.33, 142.75, 126.09,  97.06,
        65.31,  58.25,  61.51,  69.23,  50.61,  57.93,  57.83,  60.62,
        58.24,  63.99,  80.47,  65.96,  66.14,  80.03,  75.25,  70.7 ,
        70.82,  54.89,  57.51,  48.48,  52.62,  50.92,  47.92,  45.42,
        46.48,  54.84,  51.68,  49.05,  48.04,  47.46,  55.61,  56.29,
        58.67,  62.66,  83.29,  70.77,  71.24,  95.58, 115.87, 107.63,
       103.67, 102.05,  86.55,  73.95,  64.32,  65.68,  63.01,  51.69,
        49.5 ,  51.54,  53.  ,  54.84,  48.25,  45.84,  45.89,  55.07,
        47.16,  43.49,  59.25,  49.57,  47.03,  44.35,  48.46,  57.88,
        50.26,  50.61,  49.5 ,  48.89,  56.14,  43.01,  44.18,  52.59,
        52.23,  54.9 ,  78.34,  81.58,  83.35,  93.72, 116.72])}",NA
22,,Q07812,1,3PK1,2010-11-11,X-RAY DIFFRACTION,2.486,0.2447,YES,0.256,protein complex,"['MCL1_HUMAN, Q07820, chain_A;BAX_HUMAN, Q07812, chain_B']",NA,NA,Other ligands,"['CADMIUM ION, chain A,B,C,D']",B;D,"{'B': '[(54, 80)]', 'D': '[(54, 80)]'}",NA,"{'B': array([85.4 , 81.86, 77.3 , 72.58, 65.95, 59.25, 55.25, 51.08, 44.76,
       43.97, 45.24, 43.47, 38.63, 39.52, 42.44, 40.42, 38.72, 43.78,
       46.83, 49.67, 52.7 , 53.12, 50.44, 54.91, 56.5 , 56.69, 60.04]), 'D': array([85.44, 81.86, 77.41, 72.55, 65.89, 59.2 , 55.28, 51.03, 44.74,
       43.92, 45.21, 43.49, 38.52, 39.62, 42.37, 40.43, 38.7 , 43.72,
       46.75, 49.66, 52.73, 53.08, 50.4 , 54.81, 56.48, 56.65, 59.93])}",NA
23,,Q07812,1,4BD6,2012-10-05,X-RAY DIFFRACTION,2.494,0.2853,YES,0.2836,NA,NA,NA,NA,NA,NA,A;C,"{'A': '[(49, 167)]', 'C': '[(54, 73)]'}","{'A': ['C62S', 'C126S'], 'C': 'NA'}","{'A': array([115.83, 118.27, 117.43, 110.89, 105.86, 104.09, 105.45, 102.95,
       106.59, 103.41,  91.99,  97.42, 101.39,  93.02,  92.76, 105.06,
        99.59,  96.22,  99.76, 100.17,  98.62,  95.84, 102.09, 105.16,
       102.55, 112.33, 106.83,  98.52,  94.46, 102.57,  98.2 ,  96.35,
        95.06, 103.57,  97.53, 104.76, 102.84, 105.09,  94.24,  81.64,
        76.11,  82.25,  77.03,  69.93,  69.98,  74.45,  69.91,  64.78,
        66.72,  75.6 ,  72.83,  68.88,  77.95,  83.55,  76.13,  84.53,
        81.34,  75.84,  67.71,  67.3 ,  70.26,  63.62,  64.95,  72.18,
        65.4 ,  71.89,  74.41,  70.37,  73.84,  79.37,  76.89,  82.49,
        78.38,  83.4 ,  80.17,  84.26,  91.06,  91.  ,  99.62,  99.12,
        93.58,  93.52,  94.06,  84.78,  81.53,  80.98,  72.79,  72.2 ,
        68.83,  57.59,  64.8 ,  62.4 ,  58.43,  54.2 ,  57.65,  62.18,
        61.84,  55.07,  55.39,  52.8 ,  55.34,  49.52,  57.47,  57.25,
        56.89,  59.13,  57.21,  56.26,  61.02,  61.3 ,  65.91,  61.42,
        72.85,  82.86,  84.95,  77.97,  90.01,  99.39, 107.4 ]), 'C': array([109.36, 104.03,  96.96,  97.28,  91.59,  85.54,  82.64,  84.61,
        82.66,  75.39,  78.22,  88.86,  84.47,  78.07,  87.59,  94.3 ,
        92.73,  93.74, 104.51, 106.31])}",NA
24,,Q07812,1,4BD6,2012-10-05,X-RAY DIFFRACTION,2.494,0.2853,YES,0.2836,NA,NA,NA,NA,NA,NA,A;C,"{'A': '[(49, 167)]', 'C': '[(54, 73)]'}","{'A': ['C62S', 'C126S'], 'C': 'NA'}","{'A': array([115.83, 118.27, 117.43, 110.89, 105.86, 104.09, 105.45, 102.95,
       106.59, 103.41,  91.99,  97.42, 101.39,  93.02,  92.76, 105.06,
        99.59,  96.22,  99.76, 100.17,  98.62,  95.84, 102.09, 105.16,
       102.55, 112.33, 106.83,  98.52,  94.46, 102.57,  98.2 ,  96.35,
        95.06, 103.57,  97.53, 104.76, 102.84, 105.09,  94.24,  81.64,
        76.11,  82.25,  77.03,  69.93,  69.98,  74.45,  69.91,  64.78,
        66.72,  75.6 ,  72.83,  68.88,  77.95,  83.55,  76.13,  84.53,
        81.34,  75.84,  67.71,  67.3 ,  70.26,  63.62,  64.95,  72.18,
        65.4 ,  71.89,  74.41,  70.37,  73.84,  79.37,  76.89,  82.49,
        78.38,  83.4 ,  80.17,  84.26,  91.06,  91.  ,  99.62,  99.12,
        93.58,  93.52,  94.06,  84.78,  81.53,  80.98,  72.79,  72.2 ,
        68.83,  57.59,  64.8 ,  62.4 ,  58.43,  54.2 ,  57.65,  62.18,
        61.84,  55.07,  55.39,  52.8 ,  55.34,  49.52,  57.47,  57.25,
        56.89,  59.13,  57.21,  56.26,  61.02,  61.3 ,  65.91,  61.42,
        72.85,  82.86,  84.95,  77.97,  90.01,  99.39, 107.4 ]), 'C': array([109.36, 104.03,  96.96,  97.28,  91.59,  85.54,  82.64,  84.61,
        82.66,  75.39,  78.22,  88.86,  84.47,  78.07,  87.59,  94.3 ,
        92.73,  93.74, 104.51, 106.31])}",NA
25,,Q07812,1,4ZIH,2015-04-28,X-RAY DIFFRACTION,2.5,0.2333,YES,0.2603,protein complex,"['BAX_HUMAN, Q07812, chain_A;B2L11_HUMAN, O43521, chain_B']",NA,NA,NA,NA,A,"{'A': '[(48, 164)]'}","{'A': ['C62S', 'C126S']}","{'A': array([117.67, 112.32,  84.11,  92.11,  86.56, 102.96,  95.86,  93.81,
        65.22,  68.74,  67.62,  60.33,  61.76,  90.71,  86.45,  82.5 ,
        86.87,  94.32,  67.71,  66.89,  89.46,  91.31,  68.7 ,  59.97,
        70.54,  74.98,  99.09,  91.39,  61.08,  74.4 ,  69.47,  77.72,
        77.28,  89.27,  89.46,  81.16, 131.68, 138.96, 111.87,  68.  ,
        53.21,  46.31,  50.39,  55.36,  45.6 ,  45.69,  62.95,  46.84,
        38.52,  53.62,  65.64,  62.59,  51.7 ,  61.5 ,  59.7 ,  54.02,
        68.48,  55.61,  55.53,  46.7 ,  37.02,  41.27,  46.81,  41.11,
        36.27,  37.46,  43.  ,  52.59,  44.38,  43.94,  55.54,  54.79,
        53.52,  52.73,  78.61,  70.88,  72.86,  84.88,  99.1 , 103.17,
        87.89,  63.8 ,  75.2 ,  76.29,  60.74,  51.33,  53.62,  47.96,
        43.15,  46.95,  41.45,  40.58,  47.69,  45.2 ,  40.34,  38.38,
        40.8 ,  53.57,  45.31,  42.86,  47.24,  37.25,  33.62,  42.41,
        44.58,  42.29,  43.13,  43.13,  36.74,  37.79,  37.01,  46.82,
        48.54,  58.7 ,  69.15,  92.97, 106.94])}",NA
26,,Q07812,1,5W5X,2017-06-16,X-RAY DIFFRACTION,2.502,0.2435,YES,0.2583,NA,NA,NA,NA,Other ligands,"1,2-ETHANEDIOL, chain H,L;ZINC ION, chain L",A,"{'A': '[(63, 188)]'}","{'A': ['C126S', 'P168G']}","{'A': array([ 60.92,  58.7 ,  71.7 ,  54.82,  56.14,  69.95,  70.28,  54.34,
        49.56,  58.19,  56.85,  75.04,  78.66,  59.97,  55.7 ,  56.86,
        56.58,  63.77,  60.36,  60.53,  78.67,  89.79,  83.62,  94.53,
        74.  ,  56.34,  53.26,  66.59,  64.82,  44.5 ,  51.1 ,  44.83,
        42.13,  38.02,  53.5 ,  49.04,  45.29,  39.36,  45.15,  38.03,
        45.28,  36.74,  36.71,  38.95,  48.19,  48.09,  35.64,  37.03,
        39.14,  40.02,  44.44,  50.37,  51.  ,  46.56,  44.29,  50.69,
        54.56,  51.88,  50.49,  61.02,  60.33,  74.36,  93.53, 107.84,
       121.67, 128.83, 110.39, 108.79, 103.61,  89.96,  77.46,  76.23,
        57.93,  53.9 ,  63.12,  52.32,  56.  ,  49.75,  54.93,  65.66,
        59.3 ,  49.55,  65.87,  60.52,  40.97,  46.02,  53.82,  56.08,
        42.11,  49.  ,  60.51,  63.37,  67.32,  71.1 ,  58.38,  53.15,
        72.52,  57.78,  59.03,  68.24,  72.98,  58.77,  65.99,  87.68,
        95.32,  82.3 ,  72.08,  74.7 ,  84.41,  76.22,  65.12,  50.84,
        55.97,  48.36,  42.24,  48.57,  44.02,  42.63,  49.74,  51.41,
        54.26,  54.51,  67.83,  87.17, 116.89,  98.27])}",NA
27,,Q07812,1,3PL7,2010-11-14,X-RAY DIFFRACTION,2.613,0.2495,YES,0.2201,protein complex,"['B2CL1_HUMAN, Q07817, chain_A;BAX_HUMAN, Q07812, chain_C']",NA,NA,NA,NA,C,"{'C': '[(54, 79)]'}",NA,"{'C': array([69.88, 64.25, 49.54, 47.08, 35.34, 37.44, 38.58, 35.93, 28.49,
       29.15, 22.02, 25.49, 31.07, 16.08, 29.36, 21.78, 19.7 , 28.51,
       39.12, 36.84, 39.29, 48.3 , 52.48, 57.66, 69.1 , 55.04])}",NA
28,,Q07812,1,4BD7,2012-10-05,X-RAY DIFFRACTION,2.801,0.274,YES,0.2905,NA,NA,NA,NA,Other ligands,"PRASEODYMIUM ION, chain A,B;CHLORIDE ION, chain A",A;B;C;D,"{'A': '[(51, 170)]', 'B': '[(42, 170)]', 'C': '[(87, 170)]', 'D': '[(88, 170)]'}","{'A': ['C62S', 'C126S'], 'B': ['C62S', 'C126S'], 'C': ['C126S'], 'D': ['C126S']}","{'A': array([138.95, 129.73, 122.88, 113.71,  99.12,  82.21,  66.88,  68.73,
        59.11,  55.22,  52.32,  47.33,  41.06,  42.33,  47.28,  46.69,
        47.79,  55.14,  49.13,  44.03,  50.  ,  58.31,  52.04,  63.3 ,
        69.36,  52.87,  57.19,  68.34,  75.91,  79.47,  87.47, 101.26,
       108.53, 123.49, 122.09, 125.74, 126.92, 125.02, 113.82, 113.55,
        89.37,  74.68,  74.36,  78.49,  63.23,  62.9 ,  73.39,  80.14,
        76.64,  75.58,  85.68,  88.11,  86.9 ,  81.1 ,  67.63,  57.43,
        53.05,  46.78,  49.64,  49.88,  50.15,  49.65,  50.54,  45.41,
        38.04,  42.96,  39.8 ,  38.5 ,  43.46,  42.71,  36.53,  42.89,
        54.71,  48.44,  44.11,  49.87,  52.4 ,  54.3 ,  43.07,  45.03,
        47.76,  42.95,  39.69,  37.03,  37.98,  37.87,  39.57,  42.36,
        42.24,  46.2 ,  45.59,  52.24,  55.53,  58.56,  68.88,  67.69,
        62.88,  60.37,  67.39,  72.42,  69.46,  66.71,  80.67,  92.51,
        83.73,  85.32,  73.51,  64.03,  83.5 ,  87.15,  80.28,  93.62,
        95.24,  77.67,  76.01,  75.53,  79.  ,  78.18,  88.02,  84.54]), 'B': array([102.64, 100.83, 103.29,  92.39,  93.39,  82.9 ,  91.56,  92.39,
        86.15,  88.01,  90.89,  90.49,  85.32,  85.03,  72.36,  61.22,
        68.27,  59.29,  58.38,  62.71,  60.58,  50.05,  49.11,  54.57,
        52.28,  47.29,  54.66,  52.85,  53.08,  53.39,  49.29,  46.2 ,
        47.69,  59.07,  52.45,  44.82,  55.36,  66.91,  65.2 ,  74.44,
       103.52, 123.58, 138.27, 139.97, 129.96, 117.85,  96.65,  96.78,
        99.  ,  79.63,  64.4 ,  64.14,  63.34,  59.03,  58.79,  69.7 ,
        76.51,  67.39,  68.39,  81.59,  95.03,  91.87,  91.89,  71.74,
        63.16,  60.79,  54.5 ,  54.81,  42.83,  40.43,  50.16,  46.44,
        38.51,  37.3 ,  45.53,  41.73,  41.72,  45.37,  47.44,  40.26,
        43.7 ,  46.1 ,  46.66,  51.72,  54.43,  53.53,  52.53,  44.92,
        50.77,  57.24,  53.74,  45.04,  54.26,  55.43,  52.64,  49.59,
        44.6 ,  49.22,  47.13,  58.83,  68.52,  62.75,  62.22,  66.41,
        73.88,  68.24,  56.81,  62.99,  69.1 ,  68.45,  65.14,  78.1 ,
        86.87,  77.4 ,  80.33,  76.09,  60.79,  65.16,  64.51,  52.51,
        60.29,  58.43,  49.22,  50.87,  57.25,  62.04,  63.93,  75.64,
        80.3 ]), 'C': array([103.75, 110.05, 133.26, 135.35, 122.32, 100.46, 102.45, 108.51,
        99.95, 100.34, 108.64, 116.93, 112.36, 112.79,  94.12, 103.98,
       111.64, 121.65, 120.43, 121.35, 119.35, 122.15, 110.4 ,  96.28,
        97.99,  96.21,  88.9 ,  86.48,  91.26,  78.8 ,  72.92,  85.89,
        86.73,  79.07,  70.25,  73.61,  84.03,  76.42,  75.44,  82.9 ,
        77.36,  62.35,  60.35,  64.78,  68.38,  63.19,  56.64,  61.93,
        61.15,  56.79,  60.9 ,  59.65,  59.32,  52.98,  69.25,  74.32,
        69.26,  73.98,  84.8 ,  92.39,  94.12,  91.76, 101.5 , 111.68,
       105.55, 103.97, 120.49, 127.99, 120.43, 128.44, 122.58, 110.07,
       115.93, 109.04,  93.81,  97.68, 109.96, 100.76, 111.87, 124.59,
       131.91, 139.91, 144.1 , 147.51]), 'D': array([103.49, 111.68, 126.38, 114.25,  95.8 ,  92.74,  91.97,  83.86,
        82.87,  86.34,  95.05,  94.74, 100.57,  94.85, 101.18,  98.21,
       100.65,  92.78,  87.63,  81.17,  72.46,  73.62,  69.62,  62.89,
        62.53,  61.03,  55.33,  63.1 ,  59.77,  53.89,  58.39,  56.08,
        56.83,  57.07,  62.97,  56.3 ,  55.1 ,  60.88,  64.61,  56.63,
        50.15,  57.83,  57.88,  60.79,  65.51,  64.11,  58.29,  56.54,
        63.9 ,  62.68,  59.37,  61.32,  73.21,  72.74,  81.72,  85.67,
        90.91,  89.93,  92.75,  99.37, 105.84, 108.05, 118.8 , 119.93,
       116.66, 128.65, 138.44, 136.83, 145.61, 137.95, 131.82, 140.56,
       140.93, 138.38, 135.7 , 140.22, 133.89, 139.94, 128.89, 148.63,
       139.79, 137.31, 137.08])}",NA
29,,Q07812,1,6XY6,2020-01-29,X-RAY DIFFRACTION,2.91414639113,0.288336241435,YES,0.2699,protein complex,"['A0A3F2YKH3_SHEVT, A0A3F2YKH3, chain_A;BAX_HUMAN, Q07812, chain_B']",NA,NA,NA,NA,B;D;F;H;J;L;N;P,"{'B': '[(53, 75)]', 'D': '[(52, 74)]', 'F': '[(53, 77)]', 'H': '[(54, 77)]', 'J': '[(53, 77)]', 'L': '[(53, 77)]', 'N': '[(53, 74)]', 'P': '[(53, 73)]'}",NA,"{'B': array([ 87.36517,  88.5992 ,  98.66485,  83.3601 ,  89.9144 ,  72.57134,
        69.63806,  66.36616,  69.08909,  68.49328,  75.54892,  85.5515 ,
        64.90217,  79.63582,  72.22761,  77.456  ,  74.05134,  78.55902,
        88.6666 ,  93.18662,  99.01365, 111.68454, 100.64721]), 'D': array([ 95.67667, 101.7519 ,  76.51759,  80.95035,  82.0426 ,  74.89276,
        80.60692,  61.56043,  63.09533,  66.77068,  69.04536,  63.18611,
        62.52565,  66.71501,  70.038  ,  67.50428,  81.56655,  68.87147,
        69.42566,  91.89938,  89.92193, 104.47989, 102.12467]), 'F': array([104.58191, 107.58566, 111.65635,  94.68653, 108.26043,  92.64503,
       103.67254,  75.33211,  94.52798,  83.03721,  86.42115,  84.37778,
        74.91751,  80.26416,  65.77172,  83.72273,  70.36347,  77.89448,
        70.30254,  68.5176 ,  71.62683,  89.95163,  92.22592,  79.81471,
        92.17426]), 'H': array([113.83419, 116.91468,  93.24321,  89.46311, 104.01022,  97.86689,
        72.76556,  89.46387,  81.60684,  73.4116 ,  81.10198,  71.17915,
        71.26368,  71.03911,  75.55871,  67.5151 ,  73.26834,  68.29623,
        74.62924,  71.3027 ,  72.35668,  75.88733,  58.91268,  76.20138]), 'J': array([ 98.82453, 102.17997,  94.20814,  86.4803 ,  79.77114,  83.94794,
        70.98133,  57.89337,  65.53556,  60.31117,  63.07696,  54.01616,
        58.14299,  56.43868,  51.23397,  66.47424,  60.23605,  70.06164,
        61.03888,  69.84359,  77.08234,  64.27296,  63.26357,  62.88228,
        80.58234]), 'L': array([ 96.03116,  92.20492, 101.36847,  95.72035,  86.3349 ,  94.16176,
        85.87786,  63.38255,  77.73932,  66.80897,  67.48628,  59.88787,
        63.79833,  67.22966,  58.69713,  68.80616,  63.60706,  85.3639 ,
        67.21892,  76.3908 ,  84.49652, 102.61414,  90.04147,  74.09389,
        91.61233]), 'N': array([100.69744,  93.86275,  93.13012,  87.39799,  96.41535,  73.25367,
        68.1331 ,  64.93948,  72.52807,  65.54362,  59.06184,  71.75957,
        69.24454,  65.99989,  80.14252,  76.00448,  71.96103,  77.36821,
        79.83003,  82.10933,  99.53361, 102.07418]), 'P': array([ 98.09857,  85.16984,  90.56306,  91.07618,  80.03247,  72.2992 ,
        77.12691,  81.70285,  76.37129,  62.17276,  68.6506 ,  92.97652,
        80.4152 ,  71.89474,  76.7787 ,  89.62659,  75.73472,  85.21693,
        91.29845,  89.39117, 101.88893])}",NA
30,,Q07812,1,4BDU,2012-10-08,X-RAY DIFFRACTION,2.998,0.246,YES,0.2312,fusion product,"['GFP_AEQVI, P42212, chain_A;BAX_HUMAN, Q07812, chain_A']",NA,NA,NA,NA,A;B;C;D,"{'A': '[(63, 122)]', 'B': '[(63, 122)]', 'C': '[(63, 122)]', 'D': '[(63, 122)]'}",NA,"{'A': array([143.94, 163.73, 175.98, 151.38, 138.6 , 164.46, 188.85, 141.84,
       149.27, 178.73, 215.14, 233.12, 220.96, 177.12, 177.88, 181.87,
       187.09, 185.04, 175.03, 194.87, 243.98, 236.79, 267.26, 250.38,
       235.81, 219.65, 202.83, 227.31, 223.28, 219.18, 203.91, 206.2 ,
       172.75, 159.19, 155.04, 152.47, 169.89, 155.01, 212.12, 179.58,
       153.13, 196.26, 161.18, 178.77, 125.59, 141.61, 135.37, 125.28,
       132.44, 127.01, 146.68, 137.85, 154.95, 160.37, 148.51, 182.47,
       150.65, 184.55, 221.91, 207.32]), 'B': array([148.6 , 161.49, 173.06, 150.72, 145.46, 159.23, 191.31, 143.9 ,
       158.62, 183.42, 216.68, 233.91, 218.76, 175.38, 169.34, 173.93,
       186.05, 185.91, 164.7 , 195.45, 242.78, 234.37, 265.66, 247.01,
       234.11, 224.04, 201.53, 225.81, 231.23, 222.34, 201.36, 208.01,
       171.46, 154.62, 146.3 , 139.27, 171.5 , 144.51, 205.43, 179.25,
       146.78, 194.67, 154.55, 177.01, 117.33, 139.18, 134.72, 122.47,
       138.08, 130.01, 146.47, 144.2 , 163.75, 168.31, 155.92, 187.3 ,
       162.39, 188.42, 222.37, 210.95]), 'C': array([151.42, 161.38, 175.56, 153.18, 144.39, 159.35, 190.75, 149.64,
       157.53, 184.86, 218.55, 234.55, 219.28, 174.63, 169.79, 175.73,
       185.74, 185.48, 165.72, 192.7 , 239.34, 232.34, 265.74, 245.64,
       234.85, 224.4 , 204.65, 225.25, 231.7 , 221.41, 200.23, 206.92,
       171.74, 156.5 , 149.15, 138.41, 170.69, 142.67, 206.62, 178.63,
       148.52, 193.54, 153.74, 176.59, 116.23, 140.42, 130.14, 122.16,
       140.36, 132.23, 144.8 , 141.09, 166.26, 163.41, 156.3 , 187.21,
       159.77, 187.81, 224.59, 210.97]), 'D': array([147.68, 163.48, 176.26, 149.12, 140.75, 160.46, 188.61, 146.14,
       153.55, 179.57, 216.16, 233.5 , 220.43, 177.36, 178.38, 182.16,
       186.66, 183.79, 175.94, 196.09, 242.87, 236.75, 266.54, 250.07,
       235.61, 219.87, 203.15, 226.93, 222.45, 218.1 , 202.86, 206.3 ,
       172.95, 160.25, 153.7 , 153.64, 169.58, 153.85, 211.55, 181.09,
       148.07, 198.02, 159.87, 180.15, 129.01, 144.35, 137.65, 119.77,
       130.96, 127.9 , 148.17, 137.03, 154.84, 162.43, 153.95, 183.53,
       147.65, 184.38, 222.53, 207.15])}",NA
31,,Q07812,1,4UF2,2014-12-23,X-RAY DIFFRACTION,3.0,0.2743,YES,0.2882,protein complex,"['DPV22_DPV83, Q08FX8, chain_A;BAX_HUMAN, Q07812, chain_B']",NA,NA,NA,NA,B,"{'B': '[(56, 74)]'}",NA,"{'B': array([129.56, 124.77,  81.7 ,  87.93,  76.87,  77.82,  76.98,  60.02,
        66.36,  95.9 ,  66.64,  76.12,  99.8 , 100.04,  77.18, 121.47,
       121.87, 123.27, 136.85])}",NA
32,,Q07812,1,4S0P,2015-01-04,X-RAY DIFFRACTION,3.252,0.2695,YES,0.253,NA,NA,NA,NA,NA,NA,A;B,"{'A': '[(41, 192)]', 'B': '[(41, 192)]'}","{'A': ['G67R'], 'B': ['G67R']}","{'A': array([58.23, 53.86, 52.27, 50.51, 50.34, 47.96, 47.8 , 47.63, 49.18,
       50.7 , 51.17, 49.97, 53.42, 53.92, 53.49, 50.51, 51.27, 51.88,
       48.51, 47.4 , 49.93, 47.76, 46.02, 47.54, 49.91, 46.05, 46.49,
       46.61, 45.52, 42.69, 44.18, 42.99, 42.68, 44.38, 42.99, 40.42,
       42.69, 39.68, 40.28, 39.59, 39.08, 39.3 , 42.83, 49.22, 52.7 ,
       55.71, 50.62, 43.93, 43.16, 41.33, 38.46, 37.41, 36.89, 37.08,
       36.75, 36.04, 37.04, 38.67, 37.57, 36.45, 40.1 , 41.59, 41.34,
       41.62, 37.84, 40.08, 42.43, 38.32, 36.3 , 36.9 , 37.39, 37.21,
       36.1 , 36.16, 37.82, 36.7 , 37.22, 40.41, 41.78, 40.61, 44.67,
       45.31, 46.46, 50.14, 51.12, 54.5 , 54.7 , 55.83, 56.53, 57.19,
       56.6 , 53.19, 51.35, 48.96, 46.3 , 43.4 , 43.92, 43.67, 42.78,
       39.44, 40.19, 43.71, 40.78, 39.94, 41.81, 41.8 , 42.25, 39.71,
       40.43, 39.85, 40.78, 40.17, 41.2 , 42.82, 42.61, 44.42, 44.42,
       44.55, 47.69, 45.54, 43.56, 46.97, 46.19, 46.24, 49.81, 54.85,
       60.37, 58.72, 54.93, 54.21, 51.32, 47.08, 42.93, 41.48, 39.61,
       40.98, 38.38, 37.98, 38.54, 37.49, 37.96, 39.12, 38.41, 37.9 ,
       37.6 , 38.37, 42.04, 42.83, 45.38, 47.56, 50.69, 52.31]), 'B': array([59.02, 54.62, 53.53, 51.84, 51.54, 48.17, 46.12, 45.17, 45.98,
       48.83, 48.94, 50.15, 53.03, 53.27, 52.86, 51.31, 52.28, 52.29,
       49.81, 49.25, 50.51, 47.88, 47.62, 48.12, 49.1 , 45.45, 45.41,
       46.1 , 44.58, 40.68, 42.88, 41.05, 41.2 , 43.57, 41.26, 38.53,
       39.22, 39.25, 38.5 , 38.12, 39.51, 38.36, 42.7 , 47.88, 50.9 ,
       50.73, 47.6 , 43.76, 41.53, 39.8 , 38.4 , 36.85, 37.29, 35.48,
       35.8 , 36.74, 37.34, 38.84, 37.26, 38.77, 41.14, 41.03, 39.84,
       41.43, 38.21, 38.44, 39.7 , 37.19, 36.08, 35.1 , 36.76, 35.99,
       35.76, 36.27, 36.68, 35.31, 36.59, 39.87, 41.66, 40.44, 44.39,
       45.89, 45.82, 50.83, 50.72, 54.59, 54.27, 56.33, 58.27, 57.52,
       58.42, 51.94, 50.48, 50.6 , 48.37, 44.74, 44.68, 44.73, 43.23,
       41.26, 41.91, 43.15, 41.22, 40.7 , 42.15, 43.64, 41.88, 39.86,
       40.4 , 41.05, 41.11, 40.28, 41.08, 42.43, 43.09, 42.92, 44.03,
       43.38, 47.36, 43.05, 41.74, 44.07, 44.68, 44.37, 47.49, 55.55,
       62.1 , 59.73, 56.76, 56.26, 52.95, 46.75, 43.76, 41.73, 40.02,
       41.15, 37.81, 37.08, 35.52, 35.08, 35.59, 35.96, 35.39, 35.48,
       34.89, 35.37, 39.11, 39.64, 40.89, 44.77, 47.43, 49.08])}",NA
33,,Q07812,1,6L95,2019-11-08,SOLUTION NMR,,NA,NO,NA,NA,NA,NA,NA,NA,NA,A;B,"{'A': '[(166, 192)]', 'B': '[(166, 192)]'}",NA,"{'A': array([0., 0., 0., 0., 0., 0., 0., 0., 0., 0., 0., 0., 0., 0., 0., 0., 0.,
       0., 0., 0., 0., 0., 0., 0., 0., 0., 0.]), 'B': array([0., 0., 0., 0., 0., 0., 0., 0., 0., 0., 0., 0., 0., 0., 0., 0., 0.,
       0., 0., 0., 0., 0., 0., 0., 0., 0., 0.])}",NA
34,,Q07812,1,6L8V,2019-11-07,SOLUTION NMR,,NA,NO,NA,NA,NA,NA,NA,NA,NA,A;B,"{'A': '[(63, 125)]', 'B': '[(63, 125)]'}",NA,"{'A': array([0., 0., 0., 0., 0., 0., 0., 0., 0., 0., 0., 0., 0., 0., 0., 0., 0.,
       0., 0., 0., 0., 0., 0., 0., 0., 0., 0., 0., 0., 0., 0., 0., 0., 0.,
       0., 0., 0., 0., 0., 0., 0., 0., 0., 0., 0., 0., 0., 0., 0., 0., 0.,
       0., 0., 0., 0., 0., 0., 0., 0., 0., 0., 0., 0.]), 'B': array([0., 0., 0., 0., 0., 0., 0., 0., 0., 0., 0., 0., 0., 0., 0., 0., 0.,
       0., 0., 0., 0., 0., 0., 0., 0., 0., 0., 0., 0., 0., 0., 0., 0., 0.,
       0., 0., 0., 0., 0., 0., 0., 0., 0., 0., 0., 0., 0., 0., 0., 0., 0.,
       0., 0., 0., 0., 0., 0., 0., 0., 0., 0., 0., 0.])}",NA
35,,Q07812,1,2LR1,2012-03-20,SOLUTION NMR,,NA,NO,NA,protein complex,"['BAX_HUMAN, Q07812, chain_A;VGLI_HCMVA, P16778, chain_B']",NA,NA,NA,NA,A,"{'A': '[(1, 192)]'}",NA,"{'A': array([0., 0., 0., 0., 0., 0., 0., 0., 0., 0., 0., 0., 0., 0., 0., 0., 0.,
       0., 0., 0., 0., 0., 0., 0., 0., 0., 0., 0., 0., 0., 0., 0., 0., 0.,
       0., 0., 0., 0., 0., 0., 0., 0., 0., 0., 0., 0., 0., 0., 0., 0., 0.,
       0., 0., 0., 0., 0., 0., 0., 0., 0., 0., 0., 0., 0., 0., 0., 0., 0.,
       0., 0., 0., 0., 0., 0., 0., 0., 0., 0., 0., 0., 0., 0., 0., 0., 0.,
       0., 0., 0., 0., 0., 0., 0., 0., 0., 0., 0., 0., 0., 0., 0., 0., 0.,
       0., 0., 0., 0., 0., 0., 0., 0., 0., 0., 0., 0., 0., 0., 0., 0., 0.,
       0., 0., 0., 0., 0., 0., 0., 0., 0., 0., 0., 0., 0., 0., 0., 0., 0.,
       0., 0., 0., 0., 0., 0., 0., 0., 0., 0., 0., 0., 0., 0., 0., 0., 0.,
       0., 0., 0., 0., 0., 0., 0., 0., 0., 0., 0., 0., 0., 0., 0., 0., 0.,
       0., 0., 0., 0., 0., 0., 0., 0., 0., 0., 0., 0., 0., 0., 0., 0., 0.,
       0., 0., 0., 0., 0.])}",NA
36,,Q07812,1,2K7W,2008-08-27,SOLUTION NMR,,NA,NO,NA,protein complex,"['BAX_HUMAN, Q07812, chain_A;B2L11_HUMAN, O43521, chain_B']",NA,NA,NA,NA,A,"{'A': '[(1, 192)]'}",NA,"{'A': array([1.17, 1.04, 1.14, 1.23, 1.24, 1.28, 1.12, 1.17, 1.07, 0.99, 0.94,
       0.92, 0.83, 0.75, 0.65, 0.62, 0.49, 0.58, 0.66, 0.6 , 0.55, 0.51,
       0.58, 0.58, 0.4 , 0.4 , 0.56, 0.59, 0.54, 0.51, 0.52, 0.55, 0.55,
       0.63, 0.64, 0.76, 0.81, 0.75, 0.78, 0.88, 0.87, 0.98, 0.89, 0.98,
       0.99, 0.95, 0.78, 0.67, 0.66, 0.58, 0.65, 0.81, 0.64, 0.64, 0.57,
       0.49, 0.52, 0.56, 0.51, 0.5 , 0.55, 0.57, 0.53, 0.54, 0.59, 0.52,
       0.45, 0.55, 0.58, 0.46, 0.41, 0.5 , 0.47, 0.49, 0.52, 0.44, 0.38,
       0.42, 0.43, 0.4 , 0.44, 0.48, 0.44, 0.54, 0.48, 0.44, 0.45, 0.52,
       0.41, 0.38, 0.36, 0.3 , 0.34, 0.37, 0.3 , 0.29, 0.34, 0.37, 0.38,
       0.41, 0.58, 0.53, 0.53, 0.47, 0.48, 0.48, 0.48, 0.45, 0.36, 0.38,
       0.41, 0.36, 0.33, 0.36, 0.34, 0.32, 0.32, 0.35, 0.35, 0.32, 0.34,
       0.4 , 0.38, 0.39, 0.42, 0.47, 0.48, 0.5 , 0.39, 0.37, 0.36, 0.32,
       0.33, 0.35, 0.42, 0.45, 0.47, 0.51, 0.57, 0.51, 0.42, 0.54, 0.54,
       0.41, 0.46, 0.55, 0.57, 0.47, 0.35, 0.46, 0.45, 0.4 , 0.46, 0.61,
       0.56, 0.53, 0.53, 0.45, 0.65, 0.52, 0.47, 0.64, 0.62, 0.57, 0.58,
       0.7 , 0.67, 0.71, 0.71, 0.54, 0.58, 0.56, 0.52, 0.48, 0.49, 0.43,
       0.38, 0.41, 0.42, 0.35, 0.33, 0.39, 0.4 , 0.34, 0.35, 0.41, 0.36,
       0.37, 0.43, 0.57, 0.61, 0.64])}",NA
37,,Q07812,1,1F16,2000-05-18,SOLUTION NMR,,NA,NO,NA,NA,NA,NA,NA,NA,NA,A,"{'A': '[(1, 192)]'}",NA,"{'A': array([16.73, 16.07, 14.72, 14.41, 12.67, 12.01, 10.97,  9.37,  9.14,
        8.  ,  6.74,  4.52,  2.77,  1.24,  0.91,  0.82,  0.94,  0.83,
        0.58,  0.6 ,  0.61,  0.52,  0.43,  0.41,  0.44,  0.47,  0.56,
        0.58,  0.48,  0.43,  0.4 ,  0.47,  0.58,  0.71,  0.66,  1.62,
        2.87,  4.68,  4.85,  4.69,  3.88,  3.24,  3.03,  2.23,  1.8 ,
        3.15,  3.43,  3.07,  3.4 ,  3.1 ,  3.22,  2.85,  1.3 ,  0.84,
        0.71,  0.62,  0.59,  0.53,  0.47,  0.42,  0.38,  0.39,  0.36,
        0.37,  0.47,  0.53,  0.55,  0.54,  0.56,  0.52,  0.91,  1.2 ,
        0.83,  0.67,  0.75,  0.8 ,  0.74,  0.73,  0.77,  0.8 ,  0.8 ,
        0.8 ,  0.85,  1.71,  1.97,  1.98,  0.93,  0.83,  0.73,  0.65,
        0.67,  0.65,  0.57,  0.67,  0.66,  0.68,  0.78,  0.82,  0.85,
        1.14,  1.52,  2.34,  2.45,  2.55,  1.74,  1.93,  1.68,  1.47,
        0.87,  0.68,  0.5 ,  0.47,  0.43,  0.4 ,  0.41,  0.38,  0.34,
        0.37,  0.39,  0.35,  0.39,  0.39,  0.55,  0.52,  0.47,  0.57,
        0.6 ,  0.7 ,  0.53,  0.73,  0.82,  0.69,  0.46,  0.43,  0.41,
        0.36,  0.33,  0.33,  0.37,  0.36,  0.34,  0.37,  0.43,  0.47,
        0.48,  0.51,  0.62,  0.57,  0.57,  0.58,  0.69,  0.76,  0.8 ,
        0.86,  0.79,  0.72,  1.1 ,  0.5 ,  0.51,  0.54,  0.56,  0.56,
        0.56,  0.64,  0.72,  1.01,  2.01,  2.36,  1.33,  1.01,  0.84,
        0.6 ,  0.58,  0.56,  0.5 ,  0.49,  0.48,  0.43,  0.43,  0.45,
        0.5 ,  0.51,  0.44,  0.51,  0.69,  0.68,  0.66,  0.7 ,  1.23,
        3.37,  4.63,  6.15])}",NA
